creator_id,join_date,region,category,partner_tier,first_half_views,second_half_views,active_months,support_cases,avg_resolution_hours,view_growth_pct
CR0001,2023-12-25,Other LATAM,Music,Growth,114323.66666666667,95701.66666666667,12,3,9.4,-16.288840747468445
CR0002,2022-06-12,Brazil,Gaming,Established,136540.5,158565.0,10,6,6.720000000000001,16.130378898568555
CR0003,2024-03-02,US & Canada,Lifestyle,Emerging,14950.333333333334,14379.0,8,9,22.599999999999998,-3.821542440525299
CR0004,2022-12-30,US & Canada,Education,Emerging,14343.333333333334,16596.166666666668,11,4,13.725000000000001,15.70648384847781
CR0005,2022-12-26,US & Canada,Gaming,Established,149400.16666666666,152055.5,12,3,8.866666666666667,1.7773295656742973
CR0006,2023-07-05,US & Canada,Music,Emerging,9036.666666666666,6961.666666666667,10,1,2.7,-22.96200663961637
CR0007,2023-11-04,Brazil,Entertainment,Growth,39000.0,58835.0,9,2,27.5,50.858974358974365
CR0008,2022-12-25,US & Canada,Education,Growth,53414.666666666664,50213.666666666664,9,1,67.2,-5.99273607748184
CR0009,2023-02-10,US & Canada,Lifestyle,Established,278248.0,219094.33333333334,12,1,4.4,-21.25933220244769
CR0010,2022-07-04,US & Canada,Education,Emerging,15462.833333333334,13658.333333333334,11,2,16.55,-11.669918190930941
CR0011,2023-03-27,US & Canada,Music,Established,314717.3333333333,399076.0,11,4,14.55,26.804582313017406
CR0012,2023-12-31,US & Canada,Entertainment,Emerging,16602.833333333332,14879.833333333334,10,4,10.35,-10.377746770129587
CR0013,2022-07-06,US & Canada,Lifestyle,Emerging,19737.666666666668,15224.666666666666,7,4,8.475,-22.8649114214784
CR0014,2022-07-05,US & Canada,Education,Growth,68263.5,62026.5,12,2,18.05,-9.13665428816278
CR0015,2024-03-04,US & Canada,Education,Emerging,10607.333333333334,11351.166666666666,8,4,15.075,7.012444220979185
CR0016,2023-06-16,Other LATAM,Music,Emerging,9360.5,11830.833333333334,9,3,15.566666666666668,26.39104036465289
CR0017,2024-04-30,US & Canada,Gaming,Growth,106975.83333333333,143498.66666666666,12,4,11.225000000000001,34.14120011529083
CR0018,2023-07-22,US & Canada,Education,Growth,67319.0,86835.33333333333,12,2,5.8,28.99082477953227
CR0019,2022-02-10,Mexico,Lifestyle,Emerging,20771.166666666668,14351.166666666666,10,3,8.033333333333333,-30.90823015879385
CR0020,2024-01-19,Mexico,Gaming,Growth,93345.5,129531.66666666667,11,1,14.0,38.7658394530713
CR0021,2024-08-01,US & Canada,Lifestyle,Emerging,14486.5,21856.666666666668,7,5,16.55,50.87610303846111
CR0022,2022-07-20,Brazil,Lifestyle,Emerging,10413.833333333334,10233.5,11,3,9.333333333333334,-1.731671014515954
CR0023,2022-01-27,US & Canada,Gaming,Established,288812.5,299383.1666666667,12,4,17.15,3.660044723364358
CR0024,2023-10-09,US & Canada,Music,Emerging,19593.0,21539.833333333332,10,4,11.850000000000001,9.936371833477937
CR0025,2022-02-18,Brazil,Lifestyle,Growth,71834.16666666667,88836.33333333333,12,0,,23.668634934629512
CR0026,2024-10-07,US & Canada,Entertainment,Emerging,10996.166666666666,14158.833333333334,11,3,10.033333333333333,28.76153811176623
CR0027,2022-08-17,Other LATAM,Entertainment,Established,223855.16666666666,259179.16666666666,12,2,12.8,15.77984574847874
CR0028,2023-12-18,Mexico,Entertainment,Growth,156503.83333333334,189518.5,12,3,12.766666666666666,21.09511694601729
CR0029,2022-12-12,US & Canada,Music,Emerging,16559.666666666668,9722.333333333334,11,6,13.14,-41.289075867066565
CR0030,2022-09-02,US & Canada,Gaming,Emerging,19192.5,18776.333333333332,10,2,19.65,-2.1683817463418933
CR0031,2024-08-31,Other LATAM,Music,Emerging,15141.5,18263.5,11,3,6.95,20.618829045999405
CR0032,2023-08-17,US & Canada,Education,Emerging,11727.333333333334,17026.0,10,0,,45.18219544085043
CR0033,2024-06-18,US & Canada,Lifestyle,Growth,64786.833333333336,88196.0,11,3,43.53333333333333,36.13259895915065
CR0034,2022-09-03,Brazil,Gaming,Established,156077.66666666666,162144.66666666666,11,1,2.3,3.887167286372383
CR0035,2022-02-21,Other LATAM,Gaming,Established,331710.0,436434.8333333333,11,1,21.6,31.57120175253484
CR0036,2023-12-22,US & Canada,Gaming,Emerging,7441.166666666667,9629.166666666666,11,5,20.125,29.403991309606454
CR0037,2023-10-21,US & Canada,Entertainment,Emerging,13339.5,14362.5,10,1,4.5,7.668953109187002
CR0038,2024-02-09,US & Canada,Gaming,Emerging,16508.666666666668,20539.333333333332,11,5,9.175,24.415458547025786
CR0039,2023-12-01,US & Canada,Music,Emerging,10083.333333333334,8622.0,9,3,11.833333333333334,-14.49256198347108
CR0040,2022-07-06,US & Canada,Gaming,Emerging,11339.5,11209.666666666666,9,7,10.116666666666667,-1.1449652395020409
CR0041,2023-12-16,US & Canada,Education,Emerging,13402.5,19358.666666666668,11,1,36.4,44.44071379717715
CR0042,2024-01-23,Mexico,Gaming,Emerging,13754.333333333334,13665.333333333334,12,0,,-0.6470688025591934
CR0043,2022-08-24,US & Canada,Education,Growth,99562.16666666667,88337.16666666667,12,1,16.2,-11.274362918980268
CR0044,2023-05-20,US & Canada,Music,Emerging,13040.0,18775.0,9,2,10.5,43.98006134969325
CR0045,2023-03-18,Brazil,Lifestyle,Growth,70410.33333333333,103557.83333333333,11,0,,47.07760698003608
CR0046,2022-08-05,Mexico,Music,Established,352586.0,468324.0,12,1,8.9,32.82546669465039
CR0047,2024-06-08,US & Canada,Music,Emerging,10579.5,12802.666666666666,9,3,8.266666666666666,21.013910550278048
CR0048,2022-03-01,Mexico,Gaming,Emerging,17062.166666666668,23186.666666666668,11,3,9.299999999999999,35.89520674396569
CR0049,2024-06-15,US & Canada,Music,Emerging,23101.0,26186.333333333332,12,4,11.325,13.355843181391855
CR0050,2024-03-07,US & Canada,Gaming,Emerging,11822.0,20455.666666666668,9,2,11.55,73.03050809225738
CR0051,2024-03-14,US & Canada,Education,Growth,84766.33333333333,112716.5,11,3,18.366666666666667,32.973192973625544
CR0052,2022-05-23,US & Canada,Education,Emerging,11856.333333333334,19400.166666666668,10,4,33.333333333333336,63.62703477747477
CR0053,2022-06-29,Mexico,Gaming,Emerging,14978.166666666666,23714.666666666668,11,1,25.6,58.3282333173842
CR0054,2023-09-03,US & Canada,Gaming,Growth,102383.33333333333,104655.66666666667,12,1,15.4,2.219436757284724
CR0055,2023-12-02,Brazil,Entertainment,Growth,116335.5,112258.5,12,0,,-3.5045192568046724
CR0056,2024-12-07,US & Canada,Education,Emerging,17356.666666666668,18929.0,8,1,8.0,9.058959093527935
CR0057,2023-12-06,Brazil,Gaming,Established,218415.33333333334,207268.5,11,2,11.5,-5.1035031118083936
CR0058,2022-12-30,US & Canada,Entertainment,Growth,48222.333333333336,45919.833333333336,10,1,10.0,-4.774758583505568
CR0059,2024-10-05,US & Canada,Lifestyle,Growth,54116.666666666664,59414.666666666664,12,4,23.549999999999997,9.78995996304281
CR0060,2024-02-01,US & Canada,Entertainment,Growth,41764.5,60739.0,10,0,,45.432125369632104
CR0061,2022-04-07,Mexico,Music,Emerging,14793.833333333334,27800.833333333332,10,3,12.833333333333334,87.92176920563747
CR0062,2022-12-25,US & Canada,Education,Growth,201041.0,242177.5,12,4,9.55,20.461746608900672
CR0063,2024-06-16,US & Canada,Education,Growth,76347.66666666667,70700.16666666667,11,1,2.7,-7.397082643870364
CR0064,2022-01-27,Mexico,Gaming,Emerging,19478.5,25275.333333333332,11,5,6.425000000000001,29.760162914666594
CR0065,2022-05-03,US & Canada,Entertainment,Established,157799.83333333334,108090.83333333333,11,5,18.32,-31.501300698458707
CR0066,2022-08-22,US & Canada,Music,Emerging,23509.0,16053.0,11,5,16.759999999999998,-31.715513207707684
CR0067,2022-09-02,US & Canada,Lifestyle,Growth,48428.5,68624.5,12,2,19.450000000000003,41.70271637568787
CR0068,2022-11-26,Other LATAM,Entertainment,Growth,46027.166666666664,50435.666666666664,7,0,,9.578039056644085
CR0069,2024-05-30,US & Canada,Entertainment,Growth,103248.5,124411.5,10,4,7.525,20.497150079662173
CR0070,2024-06-12,Brazil,Music,Growth,66868.66666666667,118779.66666666667,9,0,,77.63127722999312
CR0071,2023-04-20,US & Canada,Entertainment,Emerging,12502.666666666666,11918.333333333334,10,2,5.0,-4.673669617148332
CR0072,2023-05-31,Mexico,Entertainment,Growth,119326.33333333333,167169.66666666666,12,1,16.5,40.09453068476084
CR0073,2024-04-12,US & Canada,Lifestyle,Emerging,12729.5,10168.333333333334,9,2,7.1,-20.11993139295861
CR0074,2022-01-17,US & Canada,Music,Growth,62737.5,74810.66666666667,12,3,8.366666666666665,19.243939695822547
CR0075,2024-11-03,US & Canada,Entertainment,Emerging,16044.0,17210.666666666668,9,7,10.614285714285714,7.271669575334504
CR0076,2022-11-30,US & Canada,Entertainment,Emerging,24684.166666666668,21541.5,9,3,5.3999999999999995,-12.731508051720066
CR0077,2023-11-26,Other LATAM,Entertainment,Growth,135918.16666666666,146474.16666666666,12,2,24.849999999999998,7.766437893389283
CR0078,2024-06-29,Mexico,Music,Growth,44491.5,55604.0,11,7,10.200000000000001,24.976680939055775
CR0079,2023-05-23,US & Canada,Gaming,Emerging,15185.666666666666,16148.5,10,2,21.1,6.340408718747946
CR0080,2023-09-05,US & Canada,Gaming,Growth,150556.16666666666,165683.66666666666,10,2,10.25,10.047745193654196
CR0081,2022-12-13,US & Canada,Gaming,Growth,166558.83333333334,155165.66666666666,12,1,10.6,-6.840325690721909
CR0082,2022-04-02,US & Canada,Entertainment,Established,322885.1666666667,255927.83333333334,12,0,,-20.737197073675834
CR0083,2022-04-17,Mexico,Lifestyle,Established,180147.66666666666,216773.66666666666,12,2,13.0,20.331098746768856
CR0084,2022-03-06,Mexico,Entertainment,Growth,93178.16666666667,111540.0,12,4,14.875,19.70615433873099
CR0085,2024-03-02,Mexico,Entertainment,Emerging,35056.666666666664,45906.833333333336,11,2,10.1,30.950366073975484
CR0086,2023-02-23,US & Canada,Entertainment,Growth,114157.16666666667,96961.5,11,1,5.8,-15.063151240322192
CR0087,2024-01-01,US & Canada,Entertainment,Growth,44260.5,77871.83333333333,11,2,14.85,75.93979582999137
CR0088,2023-08-05,Mexico,Entertainment,Growth,125682.0,168486.16666666666,11,1,44.4,34.05751552860924
CR0089,2022-01-19,US & Canada,Music,Emerging,43085.5,20115.5,9,4,9.525,-53.312599366376155
CR0090,2024-06-06,US & Canada,Education,Emerging,7877.666666666667,10144.5,11,3,8.166666666666666,28.77544112046714
CR0091,2024-04-22,US & Canada,Education,Growth,187104.83333333334,147253.33333333334,9,4,15.625,-21.299022205911303
CR0092,2023-12-23,US & Canada,Lifestyle,Growth,135452.83333333334,183414.0,10,4,16.099999999999998,35.40802025797417
CR0093,2024-03-25,Mexico,Education,Established,254839.83333333334,213933.0,12,0,,-16.051977745498974
CR0094,2023-03-30,US & Canada,Education,Emerging,11684.166666666666,9947.166666666666,9,4,13.1,-14.866272020540618
CR0095,2022-03-17,US & Canada,Lifestyle,Emerging,34621.5,34555.0,9,3,12.566666666666668,-0.1920771774764236
CR0096,2024-11-04,US & Canada,Gaming,Established,261664.33333333334,332371.0,12,2,14.75,27.021897010546585
CR0097,2024-12-30,US & Canada,Music,Established,255862.0,173307.5,11,1,8.3,-32.26524454588802
CR0098,2022-11-14,Mexico,Music,Growth,29862.166666666668,35431.333333333336,11,1,11.4,18.64957331740832
CR0099,2023-11-28,Brazil,Lifestyle,Growth,71007.16666666667,163098.66666666666,10,1,21.4,129.69324692577976
CR0100,2023-06-04,US & Canada,Gaming,Established,116492.16666666667,106053.0,12,1,3.5,-8.96126062839705
CR0101,2024-06-21,Brazil,Lifestyle,Emerging,16695.5,18742.666666666668,11,3,21.066666666666666,12.261787108302643
CR0102,2023-12-13,US & Canada,Education,Emerging,7488.666666666667,16790.0,8,6,8.966666666666667,124.20546603756786
CR0103,2022-01-21,US & Canada,Lifestyle,Emerging,4565.166666666667,6406.166666666667,9,4,19.575,40.32711474571939
CR0104,2023-07-14,US & Canada,Entertainment,Established,836392.0,683584.5,10,0,,-18.269842370563087
CR0105,2024-03-28,Brazil,Gaming,Emerging,8906.833333333334,9401.5,9,0,,5.553788289889778
CR0106,2024-02-03,Brazil,Lifestyle,Growth,65940.16666666667,91078.66666666667,12,4,6.65,38.123197545249354
CR0107,2022-09-21,US & Canada,Lifestyle,Growth,61452.833333333336,85498.66666666667,9,2,10.5,39.128925436039026
CR0108,2023-08-19,US & Canada,Education,Growth,51439.0,53422.333333333336,12,2,10.05,3.8556996312784766
CR0109,2023-09-14,US & Canada,Entertainment,Emerging,28199.333333333332,23881.166666666668,11,4,10.875,-15.313009763824196
CR0110,2022-12-07,Other LATAM,Entertainment,Growth,97893.33333333333,92187.5,11,1,11.9,-5.8286229910106195
CR0111,2023-03-15,US & Canada,Gaming,Growth,61219.166666666664,61335.5,12,2,11.85,0.1900276329580917
CR0112,2022-05-06,Brazil,Gaming,Established,401920.6666666667,372330.6666666667,12,1,7.1,-7.3621494125706395
CR0113,2024-06-12,Other LATAM,Entertainment,Emerging,22898.333333333332,37057.166666666664,11,3,20.166666666666668,61.833466773418735
CR0114,2023-08-24,Brazil,Education,Established,270263.8333333333,332964.6666666667,12,2,16.4,23.19986087668656
CR0115,2023-12-24,US & Canada,Gaming,Emerging,12399.666666666666,14334.666666666666,9,2,2.95,15.605258205865749
CR0116,2023-11-04,US & Canada,Lifestyle,Emerging,6711.833333333333,15364.666666666666,6,0,,128.9190732785379
CR0117,2023-12-09,US & Canada,Gaming,Growth,53276.0,63141.5,12,2,7.6499999999999995,18.517719047976573
CR0118,2023-08-28,US & Canada,Gaming,Emerging,33118.166666666664,25828.5,11,1,6.0,-22.011081531284436
CR0119,2023-03-28,Mexico,Education,Growth,59789.166666666664,50063.166666666664,11,0,,-16.26716099627859
CR0120,2022-12-25,US & Canada,Lifestyle,Emerging,9507.0,11919.833333333334,11,4,6.175,25.379544896742757
CR0121,2023-10-01,Mexico,Entertainment,Emerging,8076.166666666667,6607.0,8,5,11.72,-18.191386177435668
CR0122,2022-05-13,US & Canada,Gaming,Growth,102611.16666666667,154595.5,11,2,13.75,50.66147771441379
CR0123,2022-06-27,US & Canada,Entertainment,Growth,51000.333333333336,45047.333333333336,10,2,11.2,-11.672472728936413
CR0124,2024-12-30,US & Canada,Lifestyle,Emerging,7619.666666666667,10571.0,8,3,14.2,38.73310293538649
CR0125,2022-04-25,US & Canada,Lifestyle,Emerging,5983.833333333333,6957.0,12,3,12.0,16.263264908224944
CR0126,2024-12-04,US & Canada,Entertainment,Emerging,13929.666666666666,29338.5,10,10,14.59,110.61882313527485
CR0127,2022-12-26,Mexico,Gaming,Emerging,59916.666666666664,39097.666666666664,10,7,5.1000000000000005,-34.74659248956885
CR0128,2022-09-20,Other LATAM,Music,Growth,118349.5,135722.16666666666,12,3,11.7,14.6791213031459
CR0129,2022-12-10,US & Canada,Lifestyle,Emerging,11107.833333333334,10250.333333333334,9,5,10.6,-7.719777334313623
CR0130,2022-11-03,Brazil,Entertainment,Growth,230972.0,320408.0,12,5,11.6,38.72157664132449
CR0131,2024-12-18,Other LATAM,Entertainment,Emerging,7598.5,8231.666666666666,9,2,37.95,8.332784979491558
CR0132,2022-01-27,US & Canada,Education,Emerging,11484.833333333334,16397.5,11,7,16.45,42.775254320915984
CR0133,2022-10-24,US & Canada,Music,Growth,125009.16666666667,158612.66666666666,12,4,11.475,26.880828739225777
CR0134,2023-08-29,US & Canada,Gaming,Established,183319.0,206342.5,12,2,2.1,12.559254632634914
CR0135,2022-08-10,Brazil,Music,Emerging,11296.5,11364.666666666666,10,1,6.3,0.6034317413948219
CR0136,2023-07-25,US & Canada,Education,Growth,233431.0,329816.0,12,3,7.35,41.29057408827448
CR0137,2022-12-15,US & Canada,Entertainment,Growth,116898.33333333333,99260.16666666667,11,2,27.1,-15.088467186586627
CR0138,2023-03-30,US & Canada,Gaming,Emerging,35025.666666666664,43155.333333333336,10,3,7.633333333333333,23.21059794246126
CR0139,2022-05-08,US & Canada,Music,Emerging,12071.5,20342.0,9,4,7.8,68.5126123514062
CR0140,2024-05-03,US & Canada,Lifestyle,Established,299069.1666666667,264459.1666666667,12,1,4.9,-11.572573791458497
CR0141,2022-04-05,US & Canada,Education,Established,230644.16666666666,276622.5,11,1,4.8,19.934747970358384
CR0142,2023-01-25,Other LATAM,Entertainment,Growth,78777.66666666667,87396.66666666667,12,4,12.525,10.940918111309042
CR0143,2024-06-27,US & Canada,Education,Emerging,32017.333333333332,37178.166666666664,12,3,11.233333333333333,16.118873110398532
CR0144,2023-01-24,US & Canada,Gaming,Emerging,8292.166666666666,9056.833333333334,8,2,18.3,9.221554479126901
CR0145,2024-01-27,Brazil,Entertainment,Established,478515.3333333333,472155.5,12,2,11.1,-1.3290761842532348
CR0146,2022-05-27,Other LATAM,Music,Emerging,16645.666666666668,18861.333333333332,9,7,17.47142857142857,13.310771572180933
CR0147,2024-01-25,Other LATAM,Gaming,Emerging,12579.5,16488.666666666668,11,5,17.14,31.075691932641742
CR0148,2022-07-04,Brazil,Lifestyle,Established,202048.66666666666,245949.0,12,0,,21.72760358065549
CR0149,2023-07-09,Brazil,Education,Emerging,11419.666666666666,17844.0,10,5,14.9,56.256750051081475
CR0150,2023-12-26,US & Canada,Gaming,Emerging,32215.0,33237.5,11,2,11.05,3.1739872730094674
CR0151,2023-12-01,Mexico,Entertainment,Growth,65292.5,82359.33333333333,9,3,14.133333333333333,26.13904098224655
CR0152,2022-03-01,US & Canada,Education,Established,136175.16666666666,114967.33333333333,12,1,4.1,-15.573936021129645
CR0153,2023-09-27,US & Canada,Education,Emerging,22051.833333333332,28628.666666666668,12,4,20.474999999999998,29.824428807884466
CR0154,2023-12-16,US & Canada,Lifestyle,Emerging,10556.5,39185.0,7,5,7.35,271.19310377492536
CR0155,2023-12-26,US & Canada,Music,Established,335376.6666666667,411992.8333333333,12,2,22.2,22.844811306689977
CR0156,2024-03-18,US & Canada,Gaming,Growth,145861.83333333334,133164.16666666666,12,2,15.200000000000001,-8.705270170058208
CR0157,2022-01-05,US & Canada,Gaming,Emerging,13334.166666666666,13997.833333333334,10,5,30.179999999999996,4.977188925692153
CR0158,2022-03-08,Other LATAM,Lifestyle,Established,314336.0,291591.3333333333,12,3,9.233333333333333,-7.235781668872381
CR0159,2024-12-25,US & Canada,Entertainment,Emerging,13455.5,22990.0,10,3,13.799999999999999,70.85949983278213
CR0160,2022-01-20,Mexico,Education,Emerging,12240.166666666666,18209.333333333332,9,3,11.166666666666666,48.76703748587301
CR0161,2023-07-02,US & Canada,Lifestyle,Emerging,44674.0,47654.166666666664,12,2,8.45,6.670919699750781
CR0162,2024-08-06,US & Canada,Entertainment,Growth,88760.83333333333,64440.5,11,3,18.400000000000002,-27.39984790588942
CR0163,2022-05-12,Other LATAM,Lifestyle,Established,421835.8333333333,723407.6666666666,12,2,33.5,71.49033095418241
CR0164,2022-01-25,US & Canada,Lifestyle,Emerging,9999.666666666666,6460.0,6,3,24.566666666666666,-35.39784659488649
CR0165,2022-11-20,Mexico,Lifestyle,Emerging,21288.0,20252.333333333332,8,3,13.533333333333333,-4.86502567956909
CR0166,2024-08-04,US & Canada,Gaming,Emerging,12079.5,13308.166666666666,12,1,6.3,10.171502683609967
CR0167,2022-12-13,Brazil,Entertainment,Emerging,11485.333333333334,11756.5,8,1,4.3,2.360982122126765
CR0168,2024-12-12,Mexico,Music,Emerging,8154.5,8073.166666666667,10,2,13.15,-0.9974042961963705
CR0169,2024-01-27,Brazil,Education,Established,790911.8333333334,830070.8333333334,12,3,20.333333333333332,4.951120763355207
CR0170,2023-12-06,US & Canada,Lifestyle,Emerging,26005.0,23305.166666666668,10,4,11.65,-10.381977824777282
CR0171,2023-08-15,US & Canada,Lifestyle,Growth,63911.666666666664,79511.16666666667,12,0,,24.407906746290465
CR0172,2023-08-07,Brazil,Entertainment,Established,297612.1666666667,218870.66666666666,10,2,6.35,-26.457755703311868
CR0173,2023-05-29,US & Canada,Lifestyle,Emerging,26981.0,8345.0,8,2,13.05,-69.0708276194359
CR0174,2024-05-11,US & Canada,Education,Emerging,9683.166666666666,11416.5,9,4,15.075,17.900480214805768
CR0175,2023-05-06,Brazil,Gaming,Growth,19800.833333333332,25931.833333333332,11,2,6.8,30.963343293632423
CR0176,2022-04-27,US & Canada,Lifestyle,Emerging,23197.333333333332,28439.5,12,3,15.666666666666666,22.59814346476607
CR0177,2023-03-06,Mexico,Music,Emerging,11211.333333333334,14485.166666666666,9,3,19.666666666666668,29.20110602366652
CR0178,2024-04-17,Other LATAM,Music,Established,298469.0,288277.1666666667,12,2,6.8500000000000005,-3.414704151296555
CR0179,2023-10-31,US & Canada,Entertainment,Growth,136516.5,183288.66666666666,12,1,7.9,34.26118210375058
CR0180,2022-09-21,US & Canada,Music,Growth,29411.333333333332,24640.333333333332,11,0,,-16.221637917356123
CR0181,2022-08-13,US & Canada,Education,Emerging,39634.166666666664,29933.5,11,1,5.3,-24.475515653581713
CR0182,2023-02-20,Other LATAM,Entertainment,Growth,66920.66666666667,70243.16666666667,10,0,,4.9648339825265735
CR0183,2023-01-06,US & Canada,Lifestyle,Emerging,11507.0,8507.5,9,6,13.166666666666666,-26.066741983140695
CR0184,2023-09-18,US & Canada,Music,Established,486689.8333333333,575196.8333333334,12,1,,18.18550418319129
CR0185,2022-11-08,US & Canada,Gaming,Growth,88086.66666666667,126883.16666666667,11,1,7.1,44.04355558919246
CR0186,2022-11-10,US & Canada,Gaming,Emerging,17701.0,31470.5,10,3,18.133333333333333,77.78939042991921
CR0187,2022-07-23,US & Canada,Music,Established,189602.0,180235.16666666666,12,1,32.2,-4.940260827065824
CR0188,2022-11-16,US & Canada,Lifestyle,Established,203921.33333333334,189179.66666666666,11,1,3.2,-7.229094879724871
CR0189,2022-08-04,US & Canada,Entertainment,Established,556927.5,762557.3333333334,11,0,,36.922190650189364
CR0190,2023-07-13,US & Canada,Education,Growth,58271.166666666664,87853.5,11,5,13.219999999999999,50.76667419850298
CR0191,2024-05-16,US & Canada,Lifestyle,Growth,73123.5,128539.83333333333,10,2,6.35,75.78457449839426
CR0192,2023-04-22,US & Canada,Entertainment,Growth,46105.0,53726.166666666664,12,1,40.9,16.530022051115203
CR0193,2024-07-28,Brazil,Gaming,Growth,136959.0,136384.16666666666,12,0,,-0.4197119819313393
CR0194,2024-09-04,Brazil,Entertainment,Emerging,17884.333333333332,16641.0,11,5,15.24,-6.952080964717716
CR0195,2023-09-22,US & Canada,Music,Growth,205663.5,245338.0,12,1,19.9,19.29097773790682
CR0196,2022-09-28,Brazil,Gaming,Growth,68741.33333333333,81062.83333333333,12,2,21.0,17.924441384126
CR0197,2024-01-16,US & Canada,Gaming,Established,362994.1666666667,397760.1666666667,12,0,,9.5775643777563
CR0198,2023-07-03,Other LATAM,Music,Emerging,26336.833333333332,34046.333333333336,11,3,6.566666666666666,29.27269160428046
CR0199,2022-02-26,Brazil,Entertainment,Established,229847.16666666666,308654.5,12,1,28.3,34.286841328621996
CR0200,2024-11-27,US & Canada,Education,Growth,87561.83333333333,121767.33333333333,11,6,11.75,39.06439449455718
CR0201,2023-09-07,US & Canada,Entertainment,Emerging,9580.333333333334,10268.333333333334,12,2,8.8,7.181378518492745
CR0202,2024-12-29,Mexico,Education,Emerging,44201.666666666664,32977.666666666664,10,4,15.275,-25.39270766562347
CR0203,2022-09-10,Mexico,Gaming,Emerging,17218.666666666668,13906.166666666666,10,3,7.133333333333333,-19.237842651386103
CR0204,2024-10-13,Brazil,Lifestyle,Emerging,11289.333333333334,15307.333333333334,11,1,11.4,35.59111845990316
CR0205,2023-03-02,US & Canada,Music,Emerging,28340.0,34535.833333333336,8,2,16.55,21.862502940484603
CR0206,2023-10-03,Mexico,Gaming,Emerging,46900.5,44815.333333333336,12,2,13.15,-4.44593696584613
CR0207,2022-06-27,Brazil,Lifestyle,Emerging,20285.0,19038.5,11,1,13.2,-6.144934680798619
CR0208,2023-01-22,US & Canada,Lifestyle,Growth,116729.5,78477.5,11,2,9.45,-32.76977970435922
CR0209,2024-03-26,Other LATAM,Entertainment,Growth,79020.33333333333,104940.33333333333,11,4,14.025,32.8016839547627
CR0210,2024-07-24,Other LATAM,Entertainment,Growth,50041.666666666664,54605.0,10,3,12.666666666666666,9.11906744379684
CR0211,2022-05-31,US & Canada,Gaming,Established,134097.33333333334,151069.0,11,2,4.75,12.656229803227498
CR0212,2024-08-25,US & Canada,Education,Emerging,17775.0,22852.666666666668,10,4,18.0,28.566338490389132
CR0213,2024-07-11,Other LATAM,Gaming,Growth,72256.83333333333,145308.16666666666,10,7,9.242857142857144,101.09954998489185
CR0214,2024-04-05,US & Canada,Gaming,Emerging,14398.0,19842.166666666668,10,3,11.9,37.8119646247164
CR0215,2024-01-07,US & Canada,Entertainment,Emerging,14780.666666666666,16098.333333333334,10,4,6.300000000000001,8.914798610797897
CR0216,2023-04-12,US & Canada,Entertainment,Emerging,12915.333333333334,7129.0,10,4,13.925,-44.802044081969754
CR0217,2023-08-02,Mexico,Entertainment,Established,625783.6666666666,668726.1666666666,12,1,18.6,6.862195721524639
CR0218,2022-06-10,Brazil,Entertainment,Emerging,13614.0,10966.0,11,6,22.516666666666666,-19.450565594241223
CR0219,2023-11-22,Other LATAM,Entertainment,Emerging,25046.333333333332,13590.333333333334,10,3,7.233333333333334,-45.739229960473246
CR0220,2023-10-05,US & Canada,Education,Emerging,22681.333333333332,24163.333333333332,12,4,15.675,6.53400740697196
CR0221,2024-03-04,US & Canada,Entertainment,Emerging,15754.666666666666,14825.0,11,5,8.959999999999999,-5.900897088693294
CR0222,2024-06-29,Other LATAM,Music,Emerging,8395.666666666666,11119.166666666666,11,3,10.95,32.43935363481161
CR0223,2024-05-07,US & Canada,Music,Established,179978.5,177978.33333333334,10,2,34.900000000000006,-1.1113364466681614
CR0224,2023-09-27,US & Canada,Gaming,Emerging,17542.666666666668,22722.166666666668,10,0,,29.525157710724326
CR0225,2023-11-19,Other LATAM,Education,Emerging,37355.5,25238.833333333332,9,6,12.649999999999999,-32.43609820954523
CR0226,2024-12-28,US & Canada,Entertainment,Growth,57072.333333333336,100147.33333333333,11,2,3.5,75.47439798618126
CR0227,2024-02-24,Brazil,Gaming,Emerging,7473.833333333333,3691.5,5,2,15.7,-50.60767566844323
CR0228,2024-03-10,US & Canada,Gaming,Emerging,16616.833333333332,21052.5,10,4,9.15,26.693814505371066
CR0229,2022-08-02,Brazil,Gaming,Emerging,10926.333333333334,12182.833333333334,9,1,9.1,11.499740687635375
CR0230,2022-10-01,Mexico,Gaming,Growth,57649.166666666664,67436.16666666667,11,4,7.266666666666667,16.97682822821956
CR0231,2024-06-09,US & Canada,Music,Emerging,6914.333333333333,5569.166666666667,9,5,10.275,-19.454755821240894
CR0232,2022-12-25,US & Canada,Gaming,Emerging,13730.333333333334,15156.666666666666,9,1,2.6,10.388191595251381
CR0233,2024-03-01,US & Canada,Lifestyle,Emerging,10454.333333333334,10145.0,12,5,14.0,-2.95890061537481
CR0234,2024-01-23,Brazil,Education,Growth,120662.16666666667,190989.66666666666,10,2,11.100000000000001,58.28463216169663
CR0235,2022-12-29,Other LATAM,Entertainment,Emerging,14623.166666666666,22965.666666666668,10,3,11.033333333333333,57.04988659547067
CR0236,2024-06-23,Brazil,Entertainment,Emerging,10762.833333333334,13479.666666666666,12,0,,25.2427334809607
CR0237,2024-07-29,US & Canada,Entertainment,Emerging,14868.833333333334,22825.833333333332,9,4,11.825,53.51462230840796
CR0238,2024-03-06,US & Canada,Lifestyle,Established,275938.8333333333,291929.1666666667,11,2,28.0,5.79488328633219
CR0239,2022-11-20,US & Canada,Gaming,Emerging,10749.0,15017.666666666666,9,2,9.65,39.71222129190311
CR0240,2024-05-15,US & Canada,Music,Emerging,9737.0,16548.5,11,1,26.9,69.95481154359659
CR0241,2022-09-13,US & Canada,Education,Emerging,10709.166666666666,10599.5,9,1,,-1.0240448214146702
CR0242,2024-11-10,Brazil,Gaming,Growth,37379.333333333336,49806.666666666664,11,6,24.419999999999998,33.246535518735826
CR0243,2024-06-06,US & Canada,Lifestyle,Growth,59323.333333333336,90301.0,12,1,8.5,52.21835140754059
CR0244,2024-11-20,Other LATAM,Entertainment,Growth,81822.5,95405.0,11,1,18.1,16.59995722447982
CR0245,2022-05-30,US & Canada,Entertainment,Growth,81066.5,115962.66666666667,12,2,12.299999999999999,43.046346723574686
CR0246,2023-10-01,Mexico,Gaming,Emerging,13337.333333333334,20004.166666666668,10,6,10.533333333333333,49.986254123762876
CR0247,2024-06-20,Brazil,Lifestyle,Growth,36265.0,46464.833333333336,11,0,,28.12583298864838
CR0248,2022-12-29,US & Canada,Lifestyle,Emerging,10775.166666666666,15071.166666666666,9,4,2.9,39.86945290869438
CR0249,2023-08-23,US & Canada,Education,Emerging,21113.666666666668,20800.166666666668,9,4,12.566666666666665,-1.4848202586002746
CR0250,2024-12-05,US & Canada,Lifestyle,Emerging,9094.333333333334,15553.666666666666,9,4,12.175,71.02591357255432
CR0251,2024-06-14,US & Canada,Gaming,Established,454047.6666666667,390534.8333333333,11,4,8.45,-13.988142214143457
CR0252,2022-04-24,US & Canada,Education,Established,173696.5,165794.83333333334,12,2,6.0,-4.5491225595603
CR0253,2023-06-30,US & Canada,Education,Growth,65301.333333333336,69438.16666666667,12,4,11.299999999999999,6.3349906076445635
CR0254,2024-07-10,Other LATAM,Entertainment,Emerging,33794.833333333336,38032.666666666664,9,3,11.266666666666666,12.539885288185063
CR0255,2024-01-17,US & Canada,Gaming,Emerging,10439.0,11346.833333333334,12,2,13.95,8.696554586965553
CR0256,2024-12-21,US & Canada,Education,Growth,53078.333333333336,82586.0,11,5,10.02,55.592677489245446
CR0257,2022-09-20,Other LATAM,Entertainment,Growth,59419.333333333336,115161.33333333333,11,5,8.899999999999999,93.81121744886623
CR0258,2023-05-27,Other LATAM,Gaming,Established,305547.6666666667,337399.3333333333,12,2,7.0,10.424450958552008
CR0259,2024-07-24,US & Canada,Education,Growth,159315.83333333334,149116.83333333334,12,3,14.3,-6.40174914608822
CR0260,2024-03-06,US & Canada,Music,Emerging,41810.166666666664,51985.333333333336,11,2,8.4,24.336584801942124
CR0261,2022-11-22,Other LATAM,Entertainment,Growth,52386.5,78327.66666666667,12,4,13.200000000000001,49.518800963352525
CR0262,2023-07-18,US & Canada,Music,Emerging,12883.166666666666,10377.666666666666,12,5,18.18,-19.447858316407714
CR0263,2024-08-19,US & Canada,Entertainment,Emerging,22420.833333333332,32925.5,9,6,13.983333333333333,46.85225794461997
CR0264,2022-12-25,US & Canada,Entertainment,Emerging,11887.333333333334,24891.333333333332,9,5,15.48,109.39375245359204
CR0265,2022-06-17,Mexico,Education,Emerging,15439.166666666666,14550.666666666666,11,3,13.4,-5.754844281319156
CR0266,2023-04-03,Brazil,Lifestyle,Growth,99731.83333333333,106631.5,11,2,5.3,6.918219024016074
CR0267,2022-12-27,US & Canada,Lifestyle,Emerging,18849.0,16979.666666666668,11,6,15.916666666666666,-9.9174138327409
CR0268,2024-03-01,US & Canada,Music,Emerging,9896.0,11453.666666666666,9,2,18.55,15.74036647803826
CR0269,2023-12-09,US & Canada,Music,Emerging,18202.166666666668,24186.666666666668,11,2,7.1,32.87795408971459
CR0270,2022-08-14,US & Canada,Music,Growth,54548.666666666664,99391.33333333333,11,0,,82.20671449347982
CR0271,2022-09-28,US & Canada,Music,Emerging,8048.166666666667,16849.166666666668,8,2,18.6,109.3540972064031
CR0272,2022-04-05,Other LATAM,Education,Growth,62022.5,94763.33333333333,10,0,,52.788638531715634
CR0273,2024-11-20,US & Canada,Music,Established,319666.8333333333,341350.0,12,3,8.466666666666667,6.783051729378667
CR0274,2022-09-04,Mexico,Entertainment,Emerging,23860.0,26952.5,10,6,14.539999999999997,12.961022632020116
CR0275,2022-11-25,Brazil,Music,Growth,116560.83333333333,107864.5,11,0,,-7.460767982384016
CR0276,2024-03-21,US & Canada,Gaming,Emerging,7240.333333333333,9623.833333333334,9,4,12.2,32.91975507573318
CR0277,2023-07-14,US & Canada,Education,Growth,115131.16666666667,117246.16666666667,12,3,11.733333333333334,1.8370351497639648
CR0278,2022-01-15,US & Canada,Entertainment,Emerging,20530.333333333332,31171.666666666668,10,3,10.933333333333332,51.83224821808382
CR0279,2023-09-09,US & Canada,Gaming,Established,253076.5,248023.5,12,2,6.25,-1.9966294776480629
CR0280,2022-05-14,US & Canada,Gaming,Growth,74398.5,70521.66666666667,11,2,12.850000000000001,-5.210902549558565
CR0281,2024-03-20,US & Canada,Gaming,Growth,57689.166666666664,69304.83333333333,12,5,7.375,20.134918456671528
CR0282,2023-07-20,Brazil,Gaming,Emerging,10480.833333333334,7912.833333333333,11,6,7.349999999999999,-24.501868490100986
CR0283,2023-11-08,Mexico,Music,Growth,101354.66666666667,175889.66666666666,11,5,13.819999999999999,73.53879446432329
CR0284,2024-04-15,US & Canada,Music,Growth,118676.5,201845.16666666666,10,2,22.400000000000002,70.08014785291667
CR0285,2022-05-10,Brazil,Entertainment,Emerging,6360.333333333333,10218.0,11,2,8.9,60.651957444578386
CR0286,2022-02-13,Brazil,Gaming,Emerging,18977.166666666668,27325.833333333332,10,3,11.5,43.99321992218718
CR0287,2022-04-24,Brazil,Education,Emerging,18392.166666666668,31357.5,10,3,11.566666666666668,70.49377905448877
CR0288,2024-03-14,US & Canada,Music,Emerging,30174.0,17364.5,8,2,18.95,-42.45211108901704
CR0289,2022-10-07,US & Canada,Entertainment,Established,872857.8333333334,776222.6666666666,12,4,6.425,-11.07112326616
CR0290,2023-05-14,US & Canada,Gaming,Growth,142733.83333333334,140298.66666666666,12,1,11.1,-1.70608930608605
CR0291,2024-11-23,Mexico,Education,Emerging,5642.0,7861.833333333333,9,3,13.333333333333334,39.34479498995628
CR0292,2023-11-01,Other LATAM,Lifestyle,Emerging,16262.166666666666,22743.0,11,2,8.65,39.85221321472129
CR0293,2022-08-11,US & Canada,Lifestyle,Emerging,18607.833333333332,18150.5,11,1,23.8,-2.4577462896450357
CR0294,2022-05-26,Mexico,Entertainment,Emerging,13825.333333333334,20733.666666666668,11,8,12.125,49.96865657247565
CR0295,2022-08-30,US & Canada,Entertainment,Emerging,10270.5,9758.666666666666,10,1,10.9,-4.983528877204946
CR0296,2024-03-21,US & Canada,Lifestyle,Growth,122031.16666666667,203366.83333333334,11,3,11.266666666666666,66.65155213080811
CR0297,2022-07-22,US & Canada,Music,Emerging,19125.333333333332,20307.0,12,3,6.1000000000000005,6.178541550474073
CR0298,2023-11-28,Brazil,Gaming,Growth,46369.833333333336,50745.166666666664,12,3,24.266666666666666,9.435732282841922
CR0299,2024-07-24,Brazil,Gaming,Emerging,41112.0,34114.5,11,2,4.2,-17.020577933450088
CR0300,2022-09-18,US & Canada,Education,Emerging,15991.333333333334,28301.333333333332,9,5,18.32,76.9791970650769
CR0301,2023-07-17,US & Canada,Entertainment,Emerging,6241.5,10046.333333333334,8,5,13.02,60.96023925872521
CR0302,2024-07-01,Other LATAM,Music,Emerging,21051.166666666668,25405.833333333332,11,0,,20.68610607488103
CR0303,2022-03-12,Brazil,Entertainment,Growth,159739.66666666666,246551.33333333334,9,0,,54.345716676509085
CR0304,2022-10-23,Brazil,Entertainment,Emerging,5816.333333333333,7473.166666666667,8,1,21.9,28.48587311593789
CR0305,2023-12-23,US & Canada,Lifestyle,Emerging,7830.0,11950.666666666666,9,4,10.2,52.62664963814389
CR0306,2023-08-15,US & Canada,Lifestyle,Emerging,17635.666666666668,24767.5,12,5,4.925,40.43982837809741
CR0307,2022-08-23,US & Canada,Music,Growth,197903.5,171314.66666666666,11,0,,-13.435251692533656
CR0308,2022-04-18,US & Canada,Education,Emerging,18834.0,32414.666666666668,11,4,10.274999999999999,72.10718204665322
CR0309,2022-12-22,US & Canada,Lifestyle,Established,492081.1666666667,647801.1666666666,12,2,6.949999999999999,31.645185905983652
CR0310,2024-07-03,Mexico,Lifestyle,Emerging,6095.333333333333,5480.5,9,3,10.333333333333334,-10.086951766378647
CR0311,2024-01-07,US & Canada,Music,Emerging,21419.666666666668,20936.333333333332,10,2,10.4,-2.256493253863283
CR0312,2024-05-22,US & Canada,Lifestyle,Emerging,14266.666666666666,13276.333333333334,9,3,6.133333333333333,-6.94158878504672
CR0313,2024-07-19,Other LATAM,Education,Established,424893.1666666667,452024.0,12,0,,6.385330587022066
CR0314,2024-04-14,US & Canada,Music,Growth,67260.0,102592.16666666667,11,3,6.8,52.53072653384875
CR0315,2024-10-18,Brazil,Gaming,Growth,272457.6666666667,248846.5,11,2,23.4,-8.665994594878965
CR0316,2023-07-19,Mexico,Entertainment,Growth,60823.166666666664,54072.333333333336,11,1,8.9,-11.099115194594157
CR0317,2024-08-10,Brazil,Gaming,Emerging,23672.833333333332,27910.333333333332,9,3,13.6,17.900265423798025
CR0318,2023-02-01,US & Canada,Entertainment,Emerging,23829.333333333332,16306.0,11,5,12.7,-31.571732318710826
CR0319,2022-09-20,Brazil,Entertainment,Emerging,26223.0,24565.0,9,4,20.9,-6.3226938184036925
CR0320,2022-08-20,Other LATAM,Education,Established,323588.8333333333,389734.8333333333,12,1,18.1,20.441372873909433
CR0321,2024-11-13,Brazil,Gaming,Growth,35112.333333333336,50600.0,11,3,6.433333333333333,44.10890760131767
CR0322,2023-12-25,US & Canada,Music,Emerging,13238.0,17511.833333333332,9,4,18.125,32.284584781185465
CR0323,2024-06-15,Brazil,Entertainment,Emerging,6405.166666666667,3911.0,7,6,9.866666666666665,-38.93991829512633
CR0324,2023-05-01,US & Canada,Education,Emerging,11970.5,12526.666666666666,10,5,11.65,4.646143992871359
CR0325,2023-09-11,US & Canada,Music,Established,207814.83333333334,222996.16666666666,12,1,23.5,7.305221234608685
CR0326,2022-04-15,Brazil,Music,Emerging,24011.0,28261.833333333332,11,2,31.15,17.70369136368053
CR0327,2022-02-08,US & Canada,Education,Emerging,8842.166666666666,17659.5,7,2,15.149999999999999,99.71914877575256
CR0328,2023-05-12,Brazil,Entertainment,Emerging,17573.666666666668,8005.333333333333,9,4,13.025,-54.44699455624894
CR0329,2022-04-05,Brazil,Education,Emerging,10670.0,10530.166666666666,11,2,15.850000000000001,-1.310527960012502
CR0330,2023-08-02,US & Canada,Music,Emerging,9153.166666666666,17399.333333333332,9,0,,90.09086108632714
CR0331,2023-03-03,Other LATAM,Gaming,Emerging,28282.333333333332,31341.166666666668,12,4,14.35,10.815349982910424
CR0332,2024-09-29,Brazil,Music,Growth,36536.833333333336,44109.666666666664,10,3,20.5,20.72657272797769
CR0333,2023-07-21,Mexico,Music,Emerging,12898.0,18514.5,11,1,14.0,43.54551093192743
CR0334,2024-09-12,US & Canada,Entertainment,Emerging,7488.0,7878.833333333333,10,4,8.166666666666666,5.219462250712247
CR0335,2023-06-28,US & Canada,Gaming,Emerging,13838.0,14008.833333333334,10,6,11.6,1.234523293346827
CR0336,2023-03-09,US & Canada,Gaming,Emerging,15434.0,34085.166666666664,8,4,15.425,120.84467193641741
CR0337,2022-04-29,Other LATAM,Music,Established,227621.83333333334,307301.5,12,0,,35.00528288513623
CR0338,2022-11-16,Brazil,Gaming,Emerging,8675.5,11284.333333333334,11,1,6.0,30.071273509692055
CR0339,2023-11-29,US & Canada,Music,Growth,32153.833333333332,37356.833333333336,12,2,5.300000000000001,16.181585399356234
CR0340,2024-01-07,Other LATAM,Gaming,Emerging,12366.833333333334,16796.833333333332,9,4,4.433333333333334,35.82161965472162
CR0341,2024-09-19,US & Canada,Lifestyle,Established,252653.16666666666,387111.0,12,3,15.233333333333334,53.21834477963533
CR0342,2022-10-11,Brazil,Music,Established,318605.8333333333,378954.1666666667,12,0,,18.941377407297956
CR0343,2023-01-04,Brazil,Education,Established,88795.0,134704.83333333334,11,0,,51.703173977513764
CR0344,2022-04-06,Mexico,Lifestyle,Emerging,21384.166666666668,26899.5,9,1,4.1,25.79166829040177
CR0345,2024-06-30,Brazil,Education,Emerging,29841.5,38681.333333333336,11,1,13.0,29.622617272366792
CR0346,2022-06-16,US & Canada,Education,Growth,47238.666666666664,55499.166666666664,12,3,8.6,17.48673403144317
CR0347,2022-02-15,Mexico,Lifestyle,Emerging,18307.166666666668,21222.166666666668,12,2,6.9,15.92272607266735
CR0348,2023-11-02,US & Canada,Gaming,Growth,23485.333333333332,28105.333333333332,8,2,9.75,19.67185193596003
CR0349,2024-01-21,US & Canada,Entertainment,Emerging,29926.166666666668,24614.666666666668,9,2,7.85,-17.748681477191084
CR0350,2022-10-09,Other LATAM,Lifestyle,Growth,73330.5,80365.0,11,6,10.0,9.592870633638118
CR0351,2023-10-26,US & Canada,Education,Established,242913.5,257752.66666666666,12,2,2.65,6.108827490718571
CR0352,2023-03-29,US & Canada,Lifestyle,Growth,119328.83333333333,109680.83333333333,12,2,23.9,-8.085221090739456
CR0353,2024-12-26,Brazil,Education,Emerging,16139.166666666666,15268.666666666666,7,3,6.766666666666667,-5.393710951618734
CR0354,2024-04-12,US & Canada,Gaming,Growth,47994.666666666664,67380.33333333333,10,3,12.366666666666665,40.391293477053004
CR0355,2023-03-19,Mexico,Entertainment,Growth,87147.66666666667,124292.33333333333,10,3,8.6,42.62267492340585
CR0356,2024-04-30,US & Canada,Entertainment,Established,344921.5,295987.3333333333,12,1,40.0,-14.187044491766008
CR0357,2022-09-02,Other LATAM,Music,Emerging,17226.333333333332,13379.5,9,3,17.1,-22.33112095822287
CR0358,2023-01-17,Mexico,Gaming,Emerging,18589.0,26477.333333333332,9,5,22.375,42.43549052306919
CR0359,2024-09-22,Brazil,Lifestyle,Emerging,13735.833333333334,16365.666666666666,11,7,13.5,19.14578656797912
CR0360,2022-03-05,US & Canada,Lifestyle,Established,201358.16666666666,154231.5,11,1,16.7,-23.40439796746924
CR0361,2024-11-12,US & Canada,Music,Established,325448.6666666667,315484.0,12,3,13.333333333333334,-3.061824394220907
CR0362,2022-06-01,US & Canada,Lifestyle,Emerging,19589.666666666668,14442.666666666666,8,0,,-26.27405604995832
CR0363,2022-02-25,Other LATAM,Entertainment,Emerging,12624.833333333334,11387.166666666666,9,3,11.033333333333333,-9.803429748247511
CR0364,2022-05-05,Brazil,Music,Established,343965.6666666667,320335.3333333333,12,1,23.3,-6.869968611208301
CR0365,2022-04-13,Mexico,Music,Emerging,11300.166666666666,8746.166666666666,10,2,12.9,-22.601436556982936
CR0366,2022-10-21,Other LATAM,Entertainment,Growth,114221.16666666667,134050.0,12,4,24.775,17.36003396918551
CR0367,2022-06-22,US & Canada,Music,Emerging,8571.166666666666,11374.666666666666,9,2,18.799999999999997,32.70849942637136
CR0368,2022-12-20,US & Canada,Gaming,Growth,120287.33333333333,169771.5,11,2,11.850000000000001,41.13830217645527
CR0369,2024-03-01,US & Canada,Education,Emerging,13245.166666666666,14267.0,11,1,37.1,7.71476387613092
CR0370,2022-04-03,Brazil,Gaming,Established,289194.6666666667,351520.5,12,3,14.333333333333334,21.551515472853342
CR0371,2023-05-01,US & Canada,Music,Growth,89580.0,90869.16666666667,12,0,,1.4391233162164228
CR0372,2024-02-28,Brazil,Entertainment,Emerging,27782.0,29487.0,11,6,9.65,6.1370671657908
CR0373,2022-12-28,Other LATAM,Lifestyle,Emerging,11689.333333333334,15454.333333333334,10,3,11.866666666666667,32.20885137447245
CR0374,2022-09-16,US & Canada,Education,Growth,73560.16666666667,99070.66666666667,11,5,10.9,34.679774606274684
CR0375,2022-01-05,Brazil,Lifestyle,Emerging,18738.666666666668,27092.333333333332,10,3,28.5,44.57983492244199
CR0376,2023-08-31,Mexico,Entertainment,Established,212479.33333333334,303454.1666666667,11,3,13.933333333333332,42.81585032583561
CR0377,2024-10-12,US & Canada,Education,Growth,44181.0,62695.5,11,3,9.466666666666667,41.9060229510423
CR0378,2023-12-06,Other LATAM,Music,Growth,95069.0,93639.83333333333,11,2,4.8,-1.5032940986721977
CR0379,2022-08-14,Mexico,Music,Emerging,32948.166666666664,46507.333333333336,10,1,6.5,41.15302318287817
CR0380,2023-10-30,US & Canada,Education,Emerging,23322.5,46600.666666666664,10,4,21.15,99.80991174473863
CR0381,2024-06-05,Mexico,Gaming,Established,352359.5,352798.6666666667,12,2,17.4,0.12463596601388242
CR0382,2023-05-17,Brazil,Entertainment,Established,692688.1666666666,772918.6666666666,12,1,8.8,11.582484566768741
CR0383,2022-02-12,US & Canada,Entertainment,Emerging,14763.833333333334,23836.0,11,3,12.0,61.44858494293487
CR0384,2024-08-25,US & Canada,Gaming,Emerging,11851.833333333334,11926.0,9,1,11.9,0.6257822277847258
CR0385,2024-12-25,Brazil,Gaming,Emerging,26669.5,22280.0,9,5,11.84,-16.458876244399033
CR0386,2024-11-06,US & Canada,Gaming,Emerging,16370.666666666666,18041.666666666668,11,4,12.3,10.207281316175285
CR0387,2024-07-24,Brazil,Education,Emerging,12862.333333333334,25149.0,11,6,13.75,95.52439940912741
CR0388,2023-01-07,US & Canada,Gaming,Emerging,11754.166666666666,14252.0,8,2,10.399999999999999,21.25062034739455
CR0389,2024-09-23,Mexico,Gaming,Emerging,5254.333333333333,7199.666666666667,11,5,16.900000000000002,37.023409249508354
CR0390,2023-09-24,US & Canada,Lifestyle,Established,192291.5,198894.33333333334,12,1,15.5,3.4337624561321443
CR0391,2023-01-27,US & Canada,Gaming,Emerging,6624.833333333333,11471.833333333334,10,2,5.9,73.1641047573524
CR0392,2024-10-23,Mexico,Entertainment,Growth,177121.5,188863.0,12,5,8.8,6.629065359089664
CR0393,2022-12-07,Mexico,Education,Growth,64808.333333333336,67150.66666666667,11,6,9.516666666666667,3.614247138999618
CR0394,2024-03-16,Brazil,Lifestyle,Growth,71016.83333333333,66618.83333333333,11,2,12.149999999999999,-6.192897927956048
CR0395,2023-06-25,US & Canada,Education,Emerging,12311.333333333334,14336.166666666666,10,2,18.0,16.44690529051821
CR0396,2022-10-13,US & Canada,Entertainment,Emerging,26518.5,19513.166666666668,10,2,10.0,-26.416778224007135
CR0397,2024-09-25,Other LATAM,Lifestyle,Growth,71863.5,95055.5,11,0,,32.2722940018229
CR0398,2022-09-25,US & Canada,Gaming,Emerging,30427.833333333332,27914.166666666668,9,1,4.3,-8.261076755382947
CR0399,2024-09-15,US & Canada,Lifestyle,Emerging,16191.0,15845.833333333334,8,1,12.5,-2.131842793321389
CR0400,2024-06-10,Other LATAM,Gaming,Established,145166.16666666666,162032.5,12,1,22.6,11.618639329412165
CR0401,2023-05-31,US & Canada,Gaming,Emerging,23771.5,13833.0,9,5,7.5249999999999995,-41.80846812359338
CR0402,2023-04-14,US & Canada,Education,Growth,116464.66666666667,118886.5,10,2,11.25,2.0794575751157676
CR0403,2024-12-12,US & Canada,Entertainment,Growth,76821.83333333333,111638.33333333333,11,1,12.4,45.321100121276295
CR0404,2023-11-01,US & Canada,Education,Established,249873.83333333334,226720.83333333334,12,1,13.2,-9.265876178844923
CR0405,2024-08-31,US & Canada,Gaming,Growth,64352.333333333336,72653.0,11,1,,12.898781188975272
CR0406,2024-03-27,Mexico,Entertainment,Emerging,11016.333333333334,15925.666666666666,11,4,7.1499999999999995,44.5641320463554
CR0407,2024-12-17,US & Canada,Lifestyle,Established,535469.0,490592.3333333333,12,3,20.833333333333332,-8.380815073639498
CR0408,2022-05-18,US & Canada,Lifestyle,Emerging,11514.833333333334,17444.166666666668,10,4,10.575,51.493001780312355
CR0409,2022-02-27,US & Canada,Lifestyle,Emerging,13146.666666666666,16261.166666666666,11,6,14.399999999999999,23.690415821501016
CR0410,2024-04-10,Brazil,Education,Established,321935.8333333333,367344.6666666667,12,1,12.2,14.104932918827004
CR0411,2023-07-16,Brazil,Education,Emerging,26823.166666666668,19053.833333333332,11,4,26.625,-28.965011588241513
CR0412,2024-05-01,Brazil,Entertainment,Established,233929.0,325942.1666666667,11,2,21.700000000000003,39.333800711611936
CR0413,2023-04-21,US & Canada,Gaming,Emerging,7677.666666666667,8009.333333333333,6,4,18.3,4.319888855120905
CR0414,2022-06-13,US & Canada,Gaming,Emerging,35276.0,25499.666666666668,9,4,15.4,-27.71383754771894
CR0415,2024-08-30,US & Canada,Lifestyle,Emerging,12879.333333333334,8962.0,9,5,17.05,-30.41565298410891
CR0416,2022-07-24,Mexico,Lifestyle,Emerging,17661.0,20718.333333333332,10,3,12.55,17.311213030594715
CR0417,2023-05-28,US & Canada,Entertainment,Growth,141394.33333333334,207377.5,11,2,18.799999999999997,46.66606158191157
CR0418,2024-03-26,US & Canada,Gaming,Emerging,35599.0,26247.5,10,4,22.7,-26.268996320121353
CR0419,2022-01-23,Other LATAM,Gaming,Emerging,14885.833333333334,22174.833333333332,8,7,23.071428571428573,48.96601914572019
CR0420,2023-03-26,Mexico,Lifestyle,Emerging,12323.5,11478.166666666666,10,3,10.633333333333335,-6.859523133308995
CR0421,2023-01-25,Brazil,Lifestyle,Emerging,16594.5,12393.0,11,6,10.1,-25.318629666455756
CR0422,2024-09-07,Brazil,Gaming,Growth,81062.33333333333,89644.66666666667,11,4,15.774999999999999,10.587325802777299
CR0423,2022-01-05,Brazil,Lifestyle,Growth,100685.5,93858.83333333333,11,2,26.549999999999997,-6.78018847467279
CR0424,2024-08-26,US & Canada,Music,Emerging,17457.5,29158.666666666668,11,7,14.214285714285714,67.026588381307
CR0425,2024-11-19,US & Canada,Lifestyle,Growth,86438.5,111185.66666666667,11,0,,28.629796521997342
CR0426,2024-06-17,Mexico,Music,Emerging,13032.833333333334,12360.666666666666,10,4,13.425,-5.157486860109732
CR0427,2024-09-01,US & Canada,Education,Emerging,13557.333333333334,16523.666666666668,12,3,19.666666666666668,21.87991738788356
CR0428,2022-06-10,US & Canada,Education,Emerging,16245.833333333334,18025.666666666668,10,6,14.483333333333334,10.955629648627857
CR0429,2023-03-07,Mexico,Gaming,Emerging,22696.166666666668,28497.333333333332,11,2,14.700000000000001,25.560116612937563
CR0430,2024-07-17,Mexico,Lifestyle,Emerging,13316.166666666666,16048.166666666666,9,4,6.3999999999999995,20.51641488416336
CR0431,2022-02-10,Brazil,Education,Established,215774.16666666666,247439.66666666666,12,2,7.1,14.675297089163438
CR0432,2022-04-29,Brazil,Gaming,Emerging,33806.5,31908.0,8,4,16.55,-5.615783946874122
CR0433,2022-07-28,US & Canada,Lifestyle,Growth,135746.83333333334,160075.83333333334,12,0,,17.92233336320921
CR0434,2024-08-21,Mexico,Entertainment,Growth,94194.66666666667,99889.83333333333,11,4,9.35,6.046166803499125
CR0435,2024-10-17,US & Canada,Lifestyle,Growth,74597.0,71384.33333333333,12,1,3.7,-4.306696873422084
CR0436,2022-10-14,US & Canada,Music,Emerging,18591.833333333332,18052.5,9,4,13.325,-2.9009152764206445
CR0437,2022-07-18,US & Canada,Education,Established,251680.83333333334,284930.8333333333,12,2,9.75,13.211176854283025
CR0438,2022-12-09,US & Canada,Education,Emerging,21234.833333333332,24432.833333333332,8,3,15.466666666666667,15.060160585201988
CR0439,2024-08-03,US & Canada,Lifestyle,Growth,38006.833333333336,50258.666666666664,11,0,,32.23586986550663
CR0440,2024-10-23,Mexico,Entertainment,Established,425091.6666666667,466837.8333333333,12,1,16.5,9.820509301915264
CR0441,2023-05-11,US & Canada,Gaming,Emerging,20710.166666666668,27058.666666666668,12,5,19.14,30.654026605290476
CR0442,2024-06-27,US & Canada,Lifestyle,Established,246914.0,235463.33333333334,11,4,7.15,-4.637512116229399
CR0443,2023-02-23,US & Canada,Gaming,Growth,66857.5,55509.5,11,2,17.150000000000002,-16.97341360355981
CR0444,2022-12-04,US & Canada,Gaming,Established,223555.5,237922.66666666666,12,2,10.75,6.426666607024501
CR0445,2024-11-20,Brazil,Entertainment,Emerging,11404.666666666666,7416.166666666667,10,6,10.44,-34.97252586660431
CR0446,2023-02-18,US & Canada,Gaming,Emerging,22423.833333333332,26681.5,10,3,9.466666666666667,18.98723828069837
CR0447,2024-11-23,Other LATAM,Entertainment,Growth,189644.16666666666,237973.83333333334,11,6,10.4,25.48439401862261
CR0448,2024-09-28,Brazil,Entertainment,Emerging,34532.5,42888.166666666664,12,3,11.533333333333333,24.196529839040508
CR0449,2024-05-11,Brazil,Lifestyle,Emerging,22126.833333333332,19609.5,11,2,5.55,-11.376835064514424
CR0450,2023-12-05,US & Canada,Lifestyle,Established,305665.1666666667,349994.8333333333,12,2,15.5,14.502688399234225
CR0451,2024-05-13,US & Canada,Music,Emerging,10262.166666666666,12480.833333333334,9,2,18.55,21.619865850291536
CR0452,2024-05-29,US & Canada,Gaming,Established,240470.0,277097.0,12,1,23.2,15.231421798977005
CR0453,2022-05-26,Brazil,Entertainment,Established,215723.66666666666,243612.16666666666,12,1,9.9,12.927881502724937
CR0454,2022-06-16,Mexico,Gaming,Growth,168156.16666666666,148290.5,12,5,13.38,-11.81381989162851
CR0455,2022-11-25,Brazil,Gaming,Emerging,33793.333333333336,32667.166666666668,10,5,13.799999999999999,-3.3325113434602516
CR0456,2023-08-15,US & Canada,Entertainment,Emerging,17097.833333333332,18126.833333333332,10,4,12.233333333333334,6.018306413093278
CR0457,2023-01-12,US & Canada,Entertainment,Emerging,17334.0,16744.166666666668,9,4,6.4,-3.402753740240753
CR0458,2024-08-05,US & Canada,Gaming,Emerging,15346.166666666666,12345.333333333334,9,2,13.0,-19.55428608664487
CR0459,2024-10-14,Mexico,Music,Emerging,38276.333333333336,38285.0,11,3,9.65,0.022642363862780936
CR0460,2023-05-07,Brazil,Education,Growth,74548.83333333333,78517.83333333333,10,5,11.025,5.324026980077936
CR0461,2022-11-28,Brazil,Education,Emerging,11654.833333333334,21385.666666666668,8,5,12.540000000000001,83.49182742495961
CR0462,2024-02-14,US & Canada,Music,Emerging,6291.0,6391.833333333333,8,3,12.566666666666668,1.6028188417315694
CR0463,2022-07-10,Mexico,Music,Growth,50001.833333333336,89097.83333333333,10,3,10.6,78.18913306512093
CR0464,2022-09-04,US & Canada,Gaming,Growth,121359.33333333333,212056.33333333334,11,4,14.625,74.7342602409374
CR0465,2024-09-04,Other LATAM,Gaming,Growth,78223.0,74204.83333333333,11,1,,-5.1368097192215485
CR0466,2023-03-24,Other LATAM,Entertainment,Emerging,13023.833333333334,6799.0,8,2,10.549999999999999,-47.79570786890701
CR0467,2023-12-20,Other LATAM,Music,Growth,63404.666666666664,96752.5,12,4,9.3,52.59523484075831
CR0468,2022-05-15,US & Canada,Music,Emerging,26214.833333333332,20902.5,10,1,3.2,-20.264608459587123
CR0469,2023-06-15,US & Canada,Music,Established,474017.3333333333,558605.3333333334,12,4,18.45,17.84491706351105
CR0470,2022-11-07,US & Canada,Music,Growth,56186.333333333336,57817.0,12,5,18.84,2.9022478775977505
CR0471,2022-04-05,Mexico,Gaming,Growth,77777.5,103663.0,12,1,33.9,33.28147600527145
CR0472,2024-10-24,US & Canada,Lifestyle,Emerging,18064.333333333332,17164.833333333332,8,6,21.433333333333334,-4.979425387042608
CR0473,2022-02-12,US & Canada,Education,Emerging,8152.666666666667,7353.833333333333,11,3,10.433333333333332,-9.798429961566775
CR0474,2024-02-26,Other LATAM,Education,Growth,54415.0,62969.166666666664,11,1,7.5,15.720236454409012
CR0475,2024-01-01,Mexico,Gaming,Emerging,15097.833333333334,15832.333333333334,12,1,6.5,4.864936469912902
CR0476,2022-01-09,US & Canada,Entertainment,Emerging,15277.833333333334,19781.666666666668,10,1,8.9,29.479529165348495
CR0477,2022-06-26,US & Canada,Lifestyle,Growth,44948.166666666664,53971.833333333336,12,3,5.6,20.07571684421687
CR0478,2023-10-23,Other LATAM,Music,Emerging,15366.166666666666,15568.5,11,5,9.64,1.3167456641756279
CR0479,2022-07-11,US & Canada,Gaming,Emerging,15563.166666666666,12417.0,11,5,8.05,-20.215466004133688
CR0480,2024-08-28,US & Canada,Education,Growth,46463.833333333336,64300.166666666664,12,4,11.85,38.38756308670183
CR0481,2023-06-13,Other LATAM,Entertainment,Emerging,16691.666666666668,18066.0,12,2,14.7,8.233649525711426
CR0482,2023-06-12,US & Canada,Entertainment,Growth,153635.5,124095.5,10,4,16.875,-19.22732701751874
CR0483,2024-08-16,US & Canada,Gaming,Emerging,12563.666666666666,16375.666666666666,11,3,6.449999999999999,30.34146082619193
CR0484,2023-03-19,US & Canada,Music,Growth,70124.66666666667,83275.16666666667,12,1,26.0,18.753030317434664
CR0485,2023-05-19,Other LATAM,Entertainment,Growth,73462.83333333333,55503.333333333336,10,3,15.766666666666667,-24.447055994300964
CR0486,2023-05-29,US & Canada,Music,Growth,90886.83333333333,87879.5,11,1,4.4,-3.3088767900007467
CR0487,2022-02-12,US & Canada,Entertainment,Emerging,18351.666666666668,23297.5,10,3,11.299999999999999,26.950322404867848
CR0488,2024-12-22,US & Canada,Lifestyle,Emerging,39972.833333333336,47272.166666666664,11,2,14.600000000000001,18.260735416136782
CR0489,2023-06-01,US & Canada,Gaming,Emerging,15450.666666666666,15859.5,11,1,8.8,2.6460562651018336
CR0490,2022-03-22,Brazil,Education,Emerging,19947.0,23930.666666666668,10,1,7.9,19.971257164820113
CR0491,2022-06-14,Other LATAM,Education,Emerging,9697.166666666666,9051.166666666666,8,3,10.433333333333334,-6.66173968341268
CR0492,2024-10-03,US & Canada,Education,Emerging,26997.333333333332,37080.333333333336,10,2,45.849999999999994,37.348133148952996
CR0493,2023-07-23,US & Canada,Education,Emerging,7592.0,12088.5,8,2,24.75,59.2268177028451
CR0494,2023-03-07,US & Canada,Entertainment,Growth,80836.5,94367.66666666667,11,2,7.85,16.73893187689555
CR0495,2023-08-20,Brazil,Gaming,Established,390927.0,264044.8333333333,11,3,22.333333333333332,-32.45674171051544
CR0496,2023-10-01,US & Canada,Education,Growth,75744.83333333333,96532.33333333333,11,5,19.259999999999998,27.444116100328074
CR0497,2022-07-16,US & Canada,Entertainment,Emerging,32886.333333333336,25079.5,10,6,9.283333333333333,-23.738837815100503
CR0498,2022-07-25,US & Canada,Lifestyle,Emerging,21032.666666666668,26385.333333333332,10,4,6.85,25.44930108719768
CR0499,2022-02-13,US & Canada,Education,Growth,50021.833333333336,67371.83333333333,11,0,,34.684854280297586
CR0500,2022-11-22,Other LATAM,Gaming,Established,329879.0,348451.0,11,0,,5.629943100348916
CR0501,2022-02-12,US & Canada,Gaming,Emerging,13420.5,18041.5,10,4,12.15,34.4323981967885
CR0502,2022-11-18,US & Canada,Entertainment,Emerging,13395.0,16429.5,9,1,10.8,22.65397536394177
CR0503,2023-08-04,US & Canada,Entertainment,Emerging,31581.666666666668,37699.833333333336,11,2,11.15,19.372526254683628
CR0504,2024-10-16,Other LATAM,Music,Growth,87052.0,101823.33333333333,12,2,34.25,16.968402027906688
CR0505,2022-06-24,Brazil,Gaming,Emerging,15121.333333333334,23388.166666666668,9,1,6.0,54.67000264526938
CR0506,2024-12-12,US & Canada,Gaming,Emerging,15021.833333333334,15291.833333333334,11,3,18.333333333333332,1.7973838080127813
CR0507,2023-10-17,US & Canada,Entertainment,Emerging,19752.0,30771.666666666668,7,2,27.15,55.790130957202656
CR0508,2022-10-20,Mexico,Music,Established,320465.3333333333,387873.3333333333,12,0,,21.03441245854986
CR0509,2024-11-24,Mexico,Education,Growth,64755.333333333336,100568.0,11,0,,55.304582376741166
CR0510,2023-01-10,US & Canada,Music,Emerging,15332.333333333334,17062.166666666668,12,1,4.2,11.282257538535125
CR0511,2024-10-17,US & Canada,Lifestyle,Growth,113458.5,141949.0,12,1,16.9,25.110943648999413
CR0512,2022-07-02,US & Canada,Lifestyle,Emerging,5903.5,6348.5,7,6,12.72,7.5379012450241385
CR0513,2022-11-19,US & Canada,Entertainment,Emerging,9887.666666666666,16965.333333333332,10,2,9.6,71.58075717223477
CR0514,2023-12-21,US & Canada,Education,Growth,147023.5,197314.83333333334,9,2,15.3,34.20632302545739
CR0515,2023-03-05,Brazil,Lifestyle,Growth,97899.83333333333,96702.0,11,3,13.266666666666666,-1.2235294918785988
CR0516,2022-10-12,Mexico,Lifestyle,Emerging,14357.0,15597.333333333334,12,4,12.066666666666668,8.639223607531754
CR0517,2022-03-08,Brazil,Entertainment,Emerging,14507.833333333334,15691.0,12,3,12.5,8.155364343400686
CR0518,2023-02-08,US & Canada,Music,Emerging,32477.5,32733.166666666668,12,3,16.866666666666667,0.7872116593539153
CR0519,2022-09-03,Brazil,Education,Growth,34275.833333333336,33146.166666666664,10,3,9.75,-3.295810945515562
CR0520,2023-05-19,US & Canada,Entertainment,Growth,54313.0,70677.66666666667,11,3,18.333333333333332,30.130294159163867
CR0521,2024-12-24,US & Canada,Entertainment,Growth,44780.0,75700.0,11,5,10.275,69.04868244752122
CR0522,2024-09-24,Other LATAM,Gaming,Growth,147928.66666666666,155765.83333333334,12,1,9.3,5.297936392765896
CR0523,2024-07-16,US & Canada,Gaming,Emerging,19369.333333333332,25053.0,10,3,15.45,29.34363598815999
CR0524,2023-05-06,US & Canada,Lifestyle,Growth,67370.33333333333,86876.66666666667,10,1,6.2,28.95389167338741
CR0525,2023-06-27,US & Canada,Education,Growth,73639.0,59710.166666666664,11,4,13.600000000000001,-18.915022383972264
CR0526,2022-03-23,US & Canada,Education,Emerging,26356.666666666668,27243.666666666668,12,2,6.3,3.3653724547868977
CR0527,2023-03-24,US & Canada,Education,Growth,67138.33333333333,100916.0,11,4,12.725000000000001,50.310552838666446
CR0528,2022-08-12,Mexico,Lifestyle,Growth,58553.333333333336,73792.5,12,3,26.866666666666664,26.026130023909822
CR0529,2024-01-20,Mexico,Music,Emerging,29736.166666666668,33913.5,11,3,19.099999999999998,14.0479887006283
CR0530,2024-05-26,Brazil,Music,Growth,224728.5,270491.3333333333,12,3,23.400000000000002,20.363609125381654
CR0531,2024-10-12,US & Canada,Education,Emerging,15941.0,12485.166666666666,8,2,15.9,-21.678899274407716
CR0532,2023-10-30,US & Canada,Gaming,Established,137985.66666666666,118279.66666666667,11,3,9.866666666666667,-14.28119345729145
CR0533,2022-11-14,US & Canada,Education,Emerging,10386.166666666666,16303.666666666666,9,7,9.285714285714286,56.97482227963477
CR0534,2024-11-11,US & Canada,Education,Emerging,18974.166666666668,26732.333333333332,12,2,24.35,40.88804954104263
CR0535,2022-05-15,Mexico,Lifestyle,Established,438084.6666666667,379877.1666666667,12,0,,-13.286815181844606
CR0536,2023-09-14,US & Canada,Music,Growth,85111.0,80011.66666666667,11,4,16.825,-5.991391633670534
CR0537,2022-12-09,Mexico,Music,Growth,98483.5,110383.83333333333,12,4,23.825,12.083580836722222
CR0538,2024-03-26,US & Canada,Entertainment,Emerging,7999.833333333333,16772.833333333332,10,2,7.6,109.66478468301423
CR0539,2023-05-30,US & Canada,Entertainment,Growth,48607.0,58781.0,12,3,9.466666666666667,20.931141605118604
CR0540,2023-10-17,Mexico,Lifestyle,Emerging,11970.0,10477.833333333334,8,3,8.6,-12.465886939571146
CR0541,2023-03-11,US & Canada,Entertainment,Growth,17549.0,24383.166666666668,11,1,9.2,38.94333960149677
CR0542,2024-02-05,US & Canada,Music,Emerging,20734.0,25143.0,12,3,3.9,21.26458956303656
CR0543,2022-09-05,US & Canada,Music,Growth,49377.666666666664,45434.5,11,0,,-7.985729040794416
CR0544,2024-10-14,US & Canada,Entertainment,Growth,45745.5,68602.83333333333,12,3,15.633333333333333,49.96629905309447
CR0545,2024-10-10,US & Canada,Entertainment,Growth,50957.0,67979.66666666667,9,5,7.375,33.40594357333963
CR0546,2023-07-30,US & Canada,Music,Emerging,15530.666666666666,10894.5,10,4,13.725,-29.851691277472526
CR0547,2022-09-10,US & Canada,Education,Growth,64018.5,57659.166666666664,9,4,10.375,-9.93358690586836
CR0548,2024-04-23,US & Canada,Gaming,Established,267025.5,283219.5,12,2,25.1,6.064589336973436
CR0549,2022-12-14,US & Canada,Education,Growth,54802.666666666664,91598.83333333333,10,1,5.6,67.14302223736071
CR0550,2023-12-07,US & Canada,Education,Emerging,13919.333333333334,24173.833333333332,9,4,9.45,73.67091335791942
CR0551,2023-02-28,US & Canada,Gaming,Emerging,12411.0,13323.833333333334,11,7,10.833333333333334,7.355034512394923
CR0552,2023-12-16,US & Canada,Education,Growth,64303.666666666664,50875.333333333336,11,3,15.6,-20.882686834861666
CR0553,2023-11-23,US & Canada,Lifestyle,Growth,95534.66666666667,133120.0,9,1,29.5,39.342088735677095
CR0554,2022-07-20,Brazil,Entertainment,Emerging,12946.666666666666,10910.5,9,3,4.733333333333333,-15.727342945417092
CR0555,2023-03-11,Brazil,Education,Growth,67764.0,93456.83333333333,12,2,5.1,37.91516636168663
CR0556,2024-05-02,US & Canada,Education,Growth,194069.16666666666,186890.66666666666,12,4,14.174999999999999,-3.698938952177703
CR0557,2024-07-29,US & Canada,Entertainment,Emerging,8787.5,8050.5,12,1,19.9,-8.386913229018491
CR0558,2022-05-22,US & Canada,Entertainment,Emerging,5240.666666666667,5501.5,6,11,16.369999999999997,4.977102149853702
CR0559,2022-02-27,US & Canada,Entertainment,Growth,70947.66666666667,97649.5,11,3,11.766666666666666,37.635957019963065
CR0560,2023-10-24,Mexico,Education,Growth,105085.33333333333,145121.16666666666,12,2,5.55,38.09840256807166
CR0561,2022-09-16,Brazil,Gaming,Established,228573.66666666666,230415.5,12,1,,0.8057941932651953
CR0562,2024-04-14,Brazil,Gaming,Emerging,30486.5,33292.333333333336,10,4,19.133333333333336,9.203527244299398
CR0563,2024-01-23,US & Canada,Lifestyle,Emerging,22068.666666666668,37860.166666666664,11,4,7.8,71.55620336525388
CR0564,2024-12-04,US & Canada,Entertainment,Growth,71373.66666666667,70565.66666666667,10,0,,-1.1320701846152408
CR0565,2024-02-26,Brazil,Education,Emerging,12760.5,11728.333333333334,11,1,9.2,-8.088763501952636
CR0566,2023-06-14,US & Canada,Music,Emerging,25588.0,41154.166666666664,11,6,12.383333333333333,60.833854410921774
CR0567,2022-05-12,US & Canada,Entertainment,Growth,104677.33333333333,89954.83333333333,12,6,17.96,-14.064649462475161
CR0568,2022-05-31,US & Canada,Gaming,Established,121429.0,198014.33333333334,11,2,6.15,63.070051909620716
CR0569,2023-04-26,US & Canada,Gaming,Emerging,15088.5,15623.0,9,5,13.925,3.542432978758657
CR0570,2022-01-18,Other LATAM,Entertainment,Emerging,17536.166666666668,24579.0,10,3,7.8,40.16176093216875
CR0571,2023-06-02,US & Canada,Lifestyle,Emerging,23554.0,30213.333333333332,11,4,12.366666666666667,28.27262177690979
CR0572,2023-02-28,Other LATAM,Entertainment,Emerging,17558.333333333332,12995.333333333334,9,3,7.066666666666666,-25.987660180351202
CR0573,2023-12-27,Other LATAM,Lifestyle,Emerging,14634.166666666666,21897.333333333332,9,1,3.4,49.63156995615284
CR0574,2023-08-26,US & Canada,Gaming,Emerging,6951.333333333333,6951.0,10,4,7.1,-0.0047952431188217634
CR0575,2024-01-04,Brazil,Gaming,Emerging,8902.833333333334,10817.833333333334,9,1,5.2,21.51000617780856
CR0576,2023-09-26,Other LATAM,Music,Growth,89513.33333333333,111193.66666666667,10,4,15.225,24.22022789900947
CR0577,2024-03-08,US & Canada,Gaming,Emerging,29885.5,27854.666666666668,11,3,13.4,-6.79538014533246
CR0578,2022-02-15,US & Canada,Gaming,Growth,85607.16666666667,75281.0,10,2,16.8,-12.062268929976662
CR0579,2022-08-04,Mexico,Education,Emerging,20890.0,30937.333333333332,10,4,6.866666666666667,48.09637785224189
CR0580,2023-04-29,Brazil,Entertainment,Established,134984.83333333334,136939.0,10,1,40.1,1.4476935063074914
CR0581,2024-05-11,US & Canada,Entertainment,Growth,174434.66666666666,189844.66666666666,12,4,12.5,8.834253130111753
CR0582,2022-04-25,US & Canada,Education,Emerging,12089.5,14220.833333333334,10,3,9.866666666666667,17.62962350248839
CR0583,2024-06-10,Brazil,Lifestyle,Emerging,17900.0,26537.0,9,3,10.866666666666667,48.25139664804469
CR0584,2022-12-05,US & Canada,Lifestyle,Emerging,17972.833333333332,18836.0,11,3,39.86666666666667,4.802618767213486
CR0585,2023-11-14,US & Canada,Education,Growth,70224.5,94625.5,12,4,11.55,34.74713241105312
CR0586,2023-08-14,Other LATAM,Lifestyle,Growth,63064.0,64694.333333333336,12,3,5.1000000000000005,2.5852044483910563
CR0587,2023-03-23,Mexico,Education,Growth,97700.16666666667,130787.5,12,0,,33.866199477653566
CR0588,2023-08-10,US & Canada,Entertainment,Emerging,10273.5,14134.0,9,2,14.950000000000001,37.57726188738015
CR0589,2022-02-24,US & Canada,Education,Emerging,4061.8333333333335,8307.333333333334,7,2,8.0,104.52176767469533
CR0590,2024-07-22,US & Canada,Education,Emerging,21388.666666666668,17421.5,9,7,13.1,-18.547984914128982
CR0591,2022-02-23,Mexico,Entertainment,Growth,109131.5,66597.5,10,1,4.1,-38.974998052807855
CR0592,2022-12-14,Other LATAM,Education,Emerging,14550.666666666666,14629.333333333334,9,0,,0.5406396041418575
CR0593,2022-06-20,Mexico,Gaming,Emerging,12750.666666666666,8221.166666666666,10,5,5.76,-35.523632751228696
CR0594,2022-06-16,Mexico,Gaming,Emerging,14861.5,17417.333333333332,11,2,7.65,17.19768080835267
CR0595,2024-12-12,US & Canada,Entertainment,Emerging,5322.0,7038.833333333333,11,4,15.975000000000001,32.25917574846549
CR0596,2023-05-25,Brazil,Education,Emerging,12570.5,22388.333333333332,8,3,7.366666666666667,78.10217042546702
CR0597,2022-05-25,US & Canada,Gaming,Emerging,17113.5,15073.833333333334,11,0,,-11.918465928458035
CR0598,2023-01-29,Brazil,Education,Emerging,10277.333333333334,11423.833333333334,10,3,10.966666666666667,11.155617540217955
CR0599,2024-01-21,Other LATAM,Gaming,Growth,39651.5,53877.333333333336,11,2,19.05,35.87716311699012
CR0600,2023-02-03,US & Canada,Entertainment,Emerging,5712.333333333333,3346.1666666666665,8,5,6.56,-41.42206920697905
CR0601,2022-10-23,Mexico,Entertainment,Emerging,7970.666666666667,15115.333333333334,9,2,41.55,89.63700234192038
CR0602,2024-08-05,Mexico,Lifestyle,Growth,32895.666666666664,25925.5,10,2,11.7,-21.18870773252809
CR0603,2024-08-27,US & Canada,Education,Growth,103047.16666666667,142627.83333333334,12,2,6.85,38.41024255882824
CR0604,2022-08-11,US & Canada,Entertainment,Growth,65117.0,104084.66666666667,11,6,8.48,59.84253983854704
CR0605,2024-03-02,US & Canada,Gaming,Established,182434.5,217798.83333333334,12,0,,19.384674134186977
CR0606,2023-11-08,Brazil,Gaming,Emerging,33755.333333333336,31685.666666666668,9,2,11.0,-6.131376770090656
CR0607,2023-02-28,Other LATAM,Lifestyle,Emerging,36029.5,39053.666666666664,10,4,14.45,8.393584886458774
CR0608,2024-06-10,US & Canada,Music,Emerging,6242.333333333333,6549.333333333333,11,5,12.28,4.918032786885246
CR0609,2023-12-15,US & Canada,Lifestyle,Emerging,8508.5,16700.0,10,2,11.45,96.27431392137275
CR0610,2023-06-08,US & Canada,Gaming,Growth,69012.0,57643.0,11,1,15.2,-16.473946560018547
CR0611,2023-12-31,US & Canada,Lifestyle,Emerging,24003.333333333332,28720.333333333332,12,4,17.3,19.651437300374948
CR0612,2024-03-29,US & Canada,Education,Emerging,8023.0,7930.5,11,1,12.1,-1.1529353109809297
CR0613,2023-12-18,Other LATAM,Education,Emerging,14660.166666666666,19538.166666666668,8,1,8.8,33.27383726878959
CR0614,2024-05-05,US & Canada,Entertainment,Emerging,6507.833333333333,8251.833333333334,7,1,8.7,26.798473634338123
CR0615,2022-01-12,US & Canada,Music,Growth,76015.66666666667,63344.5,10,3,11.433333333333332,-16.669151534552093
CR0616,2023-11-27,Mexico,Music,Established,286829.0,367479.6666666667,12,3,7.6000000000000005,28.11803083602658
CR0617,2022-02-28,US & Canada,Gaming,Growth,130954.66666666667,132443.33333333334,11,2,5.7,1.1367801580190637
CR0618,2022-09-22,Mexico,Education,Emerging,3854.6666666666665,6049.333333333333,9,3,16.5,56.93531649948115
CR0619,2022-07-15,US & Canada,Lifestyle,Established,410655.1666666667,392756.6666666667,12,1,5.7,-4.358523026821773
CR0620,2022-12-18,US & Canada,Gaming,Emerging,12743.166666666666,13700.333333333334,9,5,13.933333333333332,7.511215161066725
CR0621,2022-12-02,US & Canada,Gaming,Emerging,13029.333333333334,18375.0,12,3,9.200000000000001,41.02793696275071
CR0622,2024-12-15,US & Canada,Lifestyle,Established,362636.5,373033.8333333333,12,0,,2.8671502546857015
CR0623,2024-01-01,US & Canada,Gaming,Growth,31089.0,37935.666666666664,11,0,,22.02279477199866
CR0624,2022-06-06,Mexico,Entertainment,Emerging,7174.166666666667,6154.833333333333,7,9,6.466666666666667,-14.2083865721919
CR0625,2023-10-19,Brazil,Music,Established,222385.83333333334,198139.66666666666,12,0,,-10.902747851894052
CR0626,2024-08-09,Other LATAM,Lifestyle,Emerging,17964.0,25941.833333333332,11,3,11.866666666666667,44.410116529355
CR0627,2022-10-04,Other LATAM,Lifestyle,Growth,124868.5,97558.83333333333,10,3,12.300000000000002,-21.87074135323694
CR0628,2024-01-12,US & Canada,Entertainment,Established,215552.33333333334,206094.16666666666,11,2,13.2,-4.387874870294461
CR0629,2024-06-09,Mexico,Lifestyle,Emerging,11127.0,20302.833333333332,10,1,8.6,82.46457565681075
CR0630,2024-08-05,Mexico,Lifestyle,Emerging,12914.666666666666,28168.5,6,2,12.4,118.11248193268635
CR0631,2023-07-03,US & Canada,Gaming,Growth,79804.66666666667,123569.33333333333,12,9,13.355555555555556,54.83973368307616
CR0632,2024-07-25,US & Canada,Education,Growth,48027.833333333336,41346.833333333336,11,1,19.4,-13.910683735472833
CR0633,2024-05-08,US & Canada,Entertainment,Emerging,26378.166666666668,24030.666666666668,11,6,12.6,-8.89940544263248
CR0634,2023-01-22,Brazil,Lifestyle,Emerging,25915.833333333332,29236.0,9,6,15.5,12.811344416219175
CR0635,2023-05-21,US & Canada,Entertainment,Established,316456.8333333333,258909.66666666666,11,0,,-18.184839322477366
CR0636,2023-10-10,Brazil,Entertainment,Growth,55153.833333333336,73153.16666666667,11,0,,32.63478210943332
CR0637,2022-10-11,Other LATAM,Education,Emerging,21728.0,19835.833333333332,10,2,11.399999999999999,-8.708425380461469
CR0638,2024-08-02,Other LATAM,Lifestyle,Growth,75451.83333333333,99473.5,12,5,10.65,31.837088120235656
CR0639,2022-10-26,US & Canada,Entertainment,Emerging,22885.666666666668,13884.333333333334,7,2,26.55,-39.33175058624758
CR0640,2024-11-04,US & Canada,Entertainment,Established,428988.3333333333,504951.1666666667,12,0,,17.707435711149884
CR0641,2023-07-18,Mexico,Lifestyle,Growth,122217.5,143703.0,11,3,16.133333333333333,17.57972467118048
CR0642,2024-05-24,US & Canada,Entertainment,Growth,109947.16666666667,144444.5,12,2,18.75,31.376282244653865
CR0643,2024-02-01,Mexico,Gaming,Emerging,33128.833333333336,30822.166666666668,10,2,9.7,-6.96271626428137
CR0644,2024-10-22,Mexico,Entertainment,Emerging,9101.166666666666,7259.333333333333,10,1,5.9,-20.237332210156207
CR0645,2022-08-05,Other LATAM,Music,Emerging,12422.333333333334,13460.666666666666,10,3,10.5,8.358601443636452
CR0646,2023-06-29,US & Canada,Entertainment,Growth,158978.66666666666,145322.5,11,2,33.75,-8.589936595266446
CR0647,2022-04-25,US & Canada,Lifestyle,Growth,205799.33333333334,175159.66666666666,11,3,12.266666666666667,-14.888127269605677
CR0648,2023-11-30,US & Canada,Lifestyle,Emerging,15695.666666666666,29923.0,10,5,15.075,90.64497632042816
CR0649,2024-04-15,US & Canada,Entertainment,Emerging,7316.0,8441.333333333334,10,2,14.399999999999999,15.38181155458357
CR0650,2022-08-09,US & Canada,Entertainment,Emerging,7227.0,7136.0,8,3,25.433333333333334,-1.25916701259167
CR0651,2024-12-29,US & Canada,Music,Emerging,24631.166666666668,19606.333333333332,10,2,12.05,-20.40030584557506
CR0652,2022-11-24,Mexico,Gaming,Established,186788.66666666666,228782.33333333334,12,2,6.4,22.481913606464357
CR0653,2022-01-11,US & Canada,Gaming,Emerging,12919.666666666666,11017.333333333334,10,2,9.8,-14.724322092933246
CR0654,2023-11-23,US & Canada,Gaming,Emerging,34478.5,43266.833333333336,11,4,13.733333333333334,25.48931459701941
CR0655,2024-03-02,US & Canada,Music,Growth,113393.83333333333,157872.66666666666,10,0,,39.225090135706964
CR0656,2024-01-25,Brazil,Entertainment,Emerging,14956.333333333334,19357.0,10,3,16.166666666666668,29.423432659519932
CR0657,2022-04-03,US & Canada,Lifestyle,Emerging,18734.5,14151.5,10,2,11.25,-24.462889321839388
CR0658,2023-11-07,Mexico,Gaming,Growth,88516.66666666667,87807.66666666667,12,1,,-0.8009790999811712
CR0659,2022-08-07,Brazil,Lifestyle,Growth,74897.83333333333,86539.33333333333,12,1,11.5,15.543173256013192
CR0660,2024-03-27,US & Canada,Music,Emerging,5489.5,11102.166666666666,9,4,12.566666666666668,102.24367732337491
CR0661,2022-10-10,Brazil,Entertainment,Growth,53442.833333333336,37545.833333333336,10,2,9.95,-29.745803147911943
CR0662,2022-02-09,US & Canada,Education,Emerging,26645.166666666668,32026.666666666668,11,3,29.9,20.196908757685883
CR0663,2024-10-13,US & Canada,Education,Emerging,11060.0,10311.833333333334,12,4,16.3,-6.764617239300779
CR0664,2024-11-06,Brazil,Gaming,Growth,64849.833333333336,69525.83333333333,10,3,8.149999999999999,7.210504267551435
CR0665,2022-06-07,Mexico,Lifestyle,Growth,112880.5,120549.66666666667,12,1,8.6,6.794058023012541
CR0666,2022-06-26,US & Canada,Lifestyle,Growth,42598.833333333336,82179.16666666667,10,2,15.45,92.91412519122198
CR0667,2024-08-12,Mexico,Education,Emerging,13345.333333333334,15826.666666666666,10,6,12.833333333333334,18.5932660605455
CR0668,2024-08-14,US & Canada,Music,Established,234824.33333333334,294079.6666666667,12,0,,25.23389824734234
CR0669,2023-11-10,US & Canada,Entertainment,Emerging,21638.833333333332,22825.666666666668,9,4,13.75,5.484738086618976
CR0670,2022-09-07,Brazil,Gaming,Growth,37198.166666666664,30448.666666666668,11,2,6.7,-18.144711432911112
CR0671,2022-11-01,US & Canada,Music,Emerging,33945.833333333336,29049.166666666668,12,5,9.82,-14.42494169632994
CR0672,2024-03-09,US & Canada,Education,Emerging,19828.5,17364.666666666668,9,5,9.78,-12.425717191584498
CR0673,2022-07-22,Other LATAM,Entertainment,Emerging,16978.333333333332,8244.333333333334,8,7,15.02,-51.44203396485716
CR0674,2024-08-15,US & Canada,Gaming,Emerging,14234.333333333334,28109.0,8,4,6.975,97.47324543943049
CR0675,2024-11-17,US & Canada,Education,Growth,94304.83333333333,113400.83333333333,10,6,8.75,20.249227240031882
CR0676,2024-06-19,US & Canada,Education,Growth,60017.166666666664,69387.5,11,2,5.5,15.612755239473156
CR0677,2023-03-24,Other LATAM,Lifestyle,Emerging,11692.666666666666,16213.166666666666,11,6,7.3500000000000005,38.66098409259365
CR0678,2022-11-07,Brazil,Education,Emerging,76966.16666666667,61672.5,11,6,15.416666666666666,-19.870635798846685
CR0679,2022-02-16,US & Canada,Education,Growth,126889.0,128169.0,12,1,,1.0087556841018528
CR0680,2024-05-04,US & Canada,Education,Emerging,23734.333333333332,32701.5,9,4,18.266666666666666,37.78141370447875
CR0681,2023-10-13,US & Canada,Education,Emerging,9200.0,10346.5,8,3,13.466666666666667,12.46195652173913
CR0682,2022-11-08,US & Canada,Education,Emerging,57971.833333333336,53648.333333333336,11,0,,-7.457932156708286
CR0683,2024-06-15,US & Canada,Entertainment,Established,291179.8333333333,256871.0,10,2,11.5,-11.7826955735831
CR0684,2024-12-26,Brazil,Education,Growth,60417.666666666664,59548.666666666664,10,1,47.9,-1.4383210208934472
CR0685,2024-06-25,Other LATAM,Music,Emerging,4190.833333333333,8079.333333333333,8,3,4.35,92.78584211572878
CR0686,2023-11-27,Brazil,Lifestyle,Emerging,8442.666666666666,6835.833333333333,11,3,8.466666666666667,-19.032296272899554
CR0687,2022-03-24,US & Canada,Education,Emerging,11883.0,13819.833333333334,11,0,,16.29919492832899
CR0688,2024-12-18,US & Canada,Lifestyle,Emerging,7537.166666666667,10435.5,7,6,20.166666666666668,38.45388408553169
CR0689,2022-04-03,Brazil,Lifestyle,Growth,60751.5,75944.0,10,3,18.233333333333334,25.007612980749442
CR0690,2024-10-06,Other LATAM,Education,Growth,32273.333333333332,38257.333333333336,11,2,7.6,18.541623631481112
CR0691,2022-12-14,US & Canada,Education,Emerging,13678.833333333334,16709.0,9,4,12.775,22.152230331534117
CR0692,2024-08-15,Brazil,Entertainment,Growth,37480.333333333336,36397.0,10,3,16.96666666666667,-2.890404745599921
CR0693,2023-01-09,US & Canada,Lifestyle,Emerging,20253.0,19245.333333333332,11,1,11.9,-4.9753945917477305
CR0694,2022-03-13,Brazil,Education,Emerging,11332.333333333334,10469.5,11,1,6.8,-7.613907109450839
CR0695,2022-03-30,Brazil,Gaming,Established,261108.16666666666,257768.83333333334,12,1,8.1,-1.278908038750217
CR0696,2022-08-01,US & Canada,Gaming,Emerging,13498.333333333334,11335.833333333334,10,4,9.4,-16.02049635757501
CR0697,2022-11-10,US & Canada,Lifestyle,Emerging,15470.833333333334,12838.5,10,1,7.8,-17.01481281982225
CR0698,2023-06-17,US & Canada,Entertainment,Emerging,47421.666666666664,59804.333333333336,11,2,4.25,26.111833550065032
CR0699,2022-09-27,US & Canada,Education,Emerging,5608.0,9548.0,9,1,5.1,70.25677603423681
CR0700,2024-12-20,US & Canada,Entertainment,Emerging,22768.833333333332,24233.0,10,4,15.125,6.4305739570904725
CR0701,2024-01-18,Brazil,Gaming,Established,250900.16666666666,293796.0,12,2,41.8,17.096773550701776
CR0702,2024-08-27,Brazil,Education,Emerging,53408.666666666664,53503.833333333336,10,1,12.2,0.17818581253979665
CR0703,2024-04-03,US & Canada,Gaming,Growth,40913.5,45085.666666666664,10,3,24.2,10.197530562446783
CR0704,2022-05-09,Mexico,Entertainment,Emerging,19478.5,8452.0,9,1,11.8,-56.60856842159304
CR0705,2024-10-24,Other LATAM,Gaming,Emerging,10488.5,8094.333333333333,11,4,11.45,-22.826587850185128
CR0706,2024-10-03,US & Canada,Gaming,Growth,30298.666666666668,54969.333333333336,9,1,3.6,81.42492518922725
CR0707,2022-02-23,Brazil,Music,Growth,61008.666666666664,85472.16666666667,11,2,17.5,40.098401320031044
CR0708,2024-08-10,Brazil,Education,Emerging,10456.666666666666,11341.833333333334,10,5,23.099999999999998,8.465094038890673
CR0709,2024-04-03,US & Canada,Music,Emerging,7778.666666666667,9875.333333333334,10,7,11.6,26.95406239286939
CR0710,2023-01-20,Brazil,Entertainment,Emerging,15047.0,16916.166666666668,11,5,12.24,12.422188254580103
CR0711,2023-08-12,US & Canada,Lifestyle,Emerging,7216.5,12019.166666666666,10,3,12.966666666666667,66.5511905586734
CR0712,2024-06-28,US & Canada,Education,Emerging,9434.833333333334,9586.833333333334,10,2,24.799999999999997,1.6110512462682611
CR0713,2024-08-26,Mexico,Music,Emerging,7407.5,10669.166666666666,9,1,5.1,44.031949600629986
CR0714,2022-05-11,US & Canada,Gaming,Growth,163557.0,188723.0,10,0,,15.386684764332923
CR0715,2024-02-04,Other LATAM,Lifestyle,Emerging,12091.166666666666,15660.666666666666,8,4,9.966666666666667,29.521551545894386
CR0716,2023-08-14,Mexico,Entertainment,Growth,89418.66666666667,76343.16666666667,12,0,,-14.622785697244423
CR0717,2023-09-29,Mexico,Gaming,Established,139683.83333333334,162108.5,12,2,9.6,16.053874046507403
CR0718,2024-04-26,US & Canada,Music,Established,537396.0,614262.3333333334,12,2,8.05,14.303480735497356
CR0719,2022-12-30,Mexico,Music,Emerging,28305.833333333332,26553.333333333332,10,5,19.44,-6.1913033238142905
CR0720,2024-05-12,Other LATAM,Lifestyle,Emerging,28067.0,18457.333333333332,11,2,9.35,-34.23831070889895
CR0721,2023-10-05,US & Canada,Music,Growth,121415.66666666667,128849.33333333333,11,1,6.8,6.122493802282509
CR0722,2024-09-26,US & Canada,Entertainment,Emerging,13885.5,13517.0,11,4,14.200000000000001,-2.653847538799467
CR0723,2024-02-04,Brazil,Entertainment,Emerging,23737.333333333332,13643.166666666666,9,8,9.057142857142859,-42.52443408414312
CR0724,2023-02-12,Other LATAM,Entertainment,Established,433799.8333333333,553756.0,11,1,9.4,27.65242341033634
CR0725,2024-12-02,Mexico,Education,Emerging,21161.666666666668,14906.833333333334,10,4,16.633333333333333,-29.557375758053084
CR0726,2022-04-13,Other LATAM,Entertainment,Emerging,9037.5,10030.666666666666,9,2,8.2,10.989396035039181
CR0727,2022-02-13,US & Canada,Music,Growth,82659.5,80013.66666666667,12,2,9.200000000000001,-3.2008823345572237
CR0728,2024-11-26,Mexico,Gaming,Established,218771.83333333334,307469.1666666667,11,3,18.05,40.54330577290953
CR0729,2023-01-10,US & Canada,Music,Emerging,17270.666666666668,19149.333333333332,11,5,14.575,10.877788929205574
CR0730,2023-02-25,Brazil,Music,Emerging,12259.0,10707.333333333334,9,5,23.839999999999996,-12.657367376349344
CR0731,2022-01-07,US & Canada,Gaming,Emerging,30129.5,28088.833333333332,11,4,13.725000000000001,-6.772985501474197
CR0732,2023-08-02,US & Canada,Entertainment,Emerging,10967.666666666666,11323.833333333334,8,3,11.233333333333333,3.2474242470291577
CR0733,2022-03-24,Other LATAM,Gaming,Established,402520.1666666667,443309.6666666667,12,2,26.9,10.133529541584045
CR0734,2022-08-24,US & Canada,Gaming,Emerging,13883.0,13924.666666666666,11,3,11.199999999999998,0.30012725395567286
CR0735,2022-06-08,US & Canada,Gaming,Growth,84858.83333333333,92122.16666666667,12,3,12.633333333333333,8.559313212335006
CR0736,2023-03-20,Mexico,Entertainment,Emerging,10656.666666666666,13446.333333333334,11,4,17.95,26.177666562402262
CR0737,2023-12-13,US & Canada,Lifestyle,Growth,65578.83333333333,61111.833333333336,12,1,7.1,-6.8116490839269686
CR0738,2024-06-10,US & Canada,Education,Emerging,12193.666666666666,9852.833333333334,7,3,11.133333333333335,-19.19712419015335
CR0739,2023-11-28,Brazil,Gaming,Emerging,18366.333333333332,19369.166666666668,10,1,17.8,5.460171690956292
CR0740,2024-01-15,Mexico,Lifestyle,Emerging,10955.666666666666,10846.5,9,2,11.7,-0.9964401983752644
CR0741,2024-11-24,Other LATAM,Lifestyle,Established,227196.5,232180.33333333334,11,4,15.0,2.1936224076221875
CR0742,2024-08-14,Mexico,Entertainment,Growth,76722.0,82121.83333333333,10,1,,7.03818113883023
CR0743,2023-05-12,US & Canada,Music,Emerging,5984.5,8662.166666666666,7,1,7.6,44.743364803520194
CR0744,2023-07-09,US & Canada,Music,Emerging,16354.333333333334,9248.0,9,3,7.566666666666666,-43.45229602755641
CR0745,2023-11-03,Brazil,Entertainment,Emerging,27541.833333333332,25706.5,11,2,6.6,-6.663802337050906
CR0746,2023-05-23,Mexico,Gaming,Emerging,33668.833333333336,37138.166666666664,12,3,3.8000000000000003,10.304287347843935
CR0747,2024-04-13,Mexico,Education,Growth,125457.83333333333,121680.83333333333,12,2,20.85,-3.0105732736231428
CR0748,2023-11-20,Other LATAM,Lifestyle,Emerging,12475.666666666666,11760.0,9,6,9.283333333333333,-5.736500387420842
CR0749,2023-12-18,Mexico,Music,Emerging,14377.333333333334,14578.333333333334,10,4,26.075,1.3980339423166095
CR0750,2024-02-06,US & Canada,Gaming,Growth,44967.5,59185.666666666664,12,1,8.9,31.618761698263555
